upc,product_type,price_excl_tax,price_incl_tax,tax,title,category,url,raw_availability,raw_reviews,in_stock,stock_count,number_of_reviews
e00eb4fd7b871a48,Books,47.82,47.82,0.0,Sharp Objects,Mystery,https://books.toscrape.com/catalogue/sharp-objects_997/index.html,In stock (20 available),0,True,20,0
19ed25f4641d5efd,Books,19.63,19.63,0.0,"In a Dark, Dark Wood",Mystery,https://books.toscrape.com/catalogue/in-a-dark-dark-wood_963/index.html,In stock (18 available),0,True,18,0
5ee94540d0749ea0,Books,56.5,56.5,0.0,The Past Never Ends,Mystery,https://books.toscrape.com/catalogue/the-past-never-ends_942/index.html,In stock (16 available),0,True,16,0
f733e8c19d40ec2e,Books,16.64,16.64,0.0,A Murder in Time,Mystery,https://books.toscrape.com/catalogue/a-murder-in-time_877/index.html,In stock (16 available),0,True,16,0
c7b5183f4d1d4efe,Books,44.1,44.1,0.0,The Murder of Roger Ackroyd (Hercule Poirot #4),Mystery,https://books.toscrape.com/catalogue/the-murder-of-roger-ackroyd-hercule-poirot-4_852/index.html,In stock (15 available),0,True,15,0
3bc89353f7e3a3cc,Books,54.21,54.21,0.0,The Last Mile (Amos Decker #2),Mystery,https://books.toscrape.com/catalogue/the-last-mile-amos-decker-2_754/index.html,In stock (14 available),0,True,14,0
0c7b9cf2b7662b65,Books,13.92,13.92,0.0,That Darkness (Gardiner and Renner #1),Mystery,https://books.toscrape.com/catalogue/that-darkness-gardiner-and-renner-1_743/index.html,In stock (14 available),0,True,14,0
2d1e337aaf341858,Books,10.69,10.69,0.0,Tastes Like Fear (DI Marnie Rome #3),Mystery,https://books.toscrape.com/catalogue/tastes-like-fear-di-marnie-rome-3_742/index.html,In stock (14 available),0,True,14,0
4416c474713ec1f5,Books,48.35,48.35,0.0,A Time of Torment (Charlie Parker #14),Mystery,https://books.toscrape.com/catalogue/a-time-of-torment-charlie-parker-14_657/index.html,In stock (14 available),0,True,14,0
63ee5bc46066a8a8,Books,16.73,16.73,0.0,A Study in Scarlet (Sherlock Holmes #1),Mystery,https://books.toscrape.com/catalogue/a-study-in-scarlet-sherlock-holmes-1_656/index.html,In stock (14 available),0,True,14,0
abdd91e96515a617,Books,26.8,26.8,0.0,Poisonous (Max Revere Novels #3),Mystery,https://books.toscrape.com/catalogue/poisonous-max-revere-novels-3_627/index.html,In stock (12 available),0,True,12,0
e7fe3bf2768602cf,Books,54.36,54.36,0.0,Murder at the 42nd Street Library (Raymond Ambler #1),Mystery,https://books.toscrape.com/catalogue/murder-at-the-42nd-street-library-raymond-ambler-1_624/index.html,In stock (12 available),0,True,12,0
c039f5aceb093537,Books,35.28,35.28,0.0,Most Wanted,Mystery,https://books.toscrape.com/catalogue/most-wanted_623/index.html,In stock (12 available),0,True,12,0
bddc6fd036eb6279,Books,11.84,11.84,0.0,Hide Away (Eve Duncan #20),Mystery,https://books.toscrape.com/catalogue/hide-away-eve-duncan-20_620/index.html,In stock (12 available),0,True,12,0
49b24c6a41b82bd2,Books,59.48,59.48,0.0,Boar Island (Anna Pigeon #19),Mystery,https://books.toscrape.com/catalogue/boar-island-anna-pigeon-19_613/index.html,In stock (12 available),0,True,12,0
6159d8b187831770,Books,27.26,27.26,0.0,The Widow,Mystery,https://books.toscrape.com/catalogue/the-widow_609/index.html,In stock (11 available),0,True,11,0
05a61a3bd8ca4149,Books,13.71,13.71,0.0,Playing with Fire,Mystery,https://books.toscrape.com/catalogue/playing-with-fire_602/index.html,In stock (11 available),0,True,11,0
9735c969c652dd89,Books,25.37,25.37,0.0,What Happened on Beale Street (Secrets of the South Mysteries #2),Mystery,https://books.toscrape.com/catalogue/what-happened-on-beale-street-secrets-of-the-south-mysteries-2_506/index.html,In stock (7 available),0,True,7,0
20789fb17b423c4c,Books,52.3,52.3,0.0,The Bachelor Girl's Guide to Murder (Herringford and Watts Mysteries #1),Mystery,https://books.toscrape.com/catalogue/the-bachelor-girls-guide-to-murder-herringford-and-watts-mysteries-1_491/index.html,In stock (7 available),0,True,7,0
4e980425468708da,Books,20.89,20.89,0.0,Delivering the Truth (Quaker Midwife Mystery #1),Mystery,https://books.toscrape.com/catalogue/delivering-the-truth-quaker-midwife-mystery-1_464/index.html,In stock (7 available),0,True,7,0
23356462d1320d61,Books,12.84,12.84,0.0,In Her Wake,Thriller,https://books.toscrape.com/catalogue/in-her-wake_980/index.html,In stock (19 available),0,True,19,0
327f68a59745c102,Books,37.32,37.32,0.0,How Music Works,Music,https://books.toscrape.com/catalogue/how-music-works_979/index.html,In stock (19 available),0,True,19,0
5674a18a29a43ced,Books,30.52,30.52,0.0,"Foolproof Preserving: A Guide to Small Batch Jams, Jellies, Pickles, Condiments, and More: A Foolproof Guide to Making Small Batch Jams, Jellies, Pickles, Condiments, and More",Food and Drink,https://books.toscrape.com/catalogue/foolproof-preserving-a-guide-to-small-batch-jams-jellies-pickles-condiments-and-more-a-foolproof-guide-to-making-small-batch-jams-jellies-pickles-condiments-and-more_978/index.html,In stock (19 available),0,True,19,0
c2e46a2ee3b4a322,Books,25.27,25.27,0.0,Chase Me (Paris Nights #2),Romance,https://books.toscrape.com/catalogue/chase-me-paris-nights-2_977/index.html,In stock (19 available),0,True,19,0
00bfed9e18bb36f3,Books,34.53,34.53,0.0,Black Dust,Romance,https://books.toscrape.com/catalogue/black-dust_976/index.html,In stock (19 available),0,True,19,0
9528d0948525bf5f,Books,54.64,54.64,0.0,Birdsong: A Story in Pictures,Childrens,https://books.toscrape.com/catalogue/birdsong-a-story-in-pictures_975/index.html,In stock (19 available),0,True,19,0
c7d160c2c0de586f,Books,22.5,22.5,0.0,America's Cradle of Quarterbacks: Western Pennsylvania's Football Factory from Johnny Unitas to Joe Montana,Default,https://books.toscrape.com/catalogue/americas-cradle-of-quarterbacks-western-pennsylvanias-football-factory-from-johnny-unitas-to-joe-montana_974/index.html,In stock (19 available),0,True,19,0
904208d6aa64b655,Books,53.13,53.13,0.0,Aladdin and His Wonderful Lamp,Default,https://books.toscrape.com/catalogue/aladdin-and-his-wonderful-lamp_973/index.html,In stock (19 available),0,True,19,0
4c28def39d850cdf,Books,40.3,40.3,0.0,Worlds Elsewhere: Journeys Around Shakespeare’s Globe,Nonfiction,https://books.toscrape.com/catalogue/worlds-elsewhere-journeys-around-shakespeares-globe_972/index.html,In stock (18 available),0,True,18,0
ccd9ffa25efabdea,Books,44.18,44.18,0.0,Wall and Piece,Art,https://books.toscrape.com/catalogue/wall-and-piece_971/index.html,In stock (18 available),0,True,18,0
6258a1f6a6dcfe50,Books,17.66,17.66,0.0,The Four Agreements: A Practical Guide to Personal Freedom,Spirituality,https://books.toscrape.com/catalogue/the-four-agreements-a-practical-guide-to-personal-freedom_970/index.html,In stock (18 available),0,True,18,0
3c039985229453bf,Books,31.05,31.05,0.0,The Five Love Languages: How to Express Heartfelt Commitment to Your Mate,Nonfiction,https://books.toscrape.com/catalogue/the-five-love-languages-how-to-express-heartfelt-commitment-to-your-mate_969/index.html,In stock (18 available),0,True,18,0
5dada2b7be26bd03,Books,23.82,23.82,0.0,The Elephant Tree,Thriller,https://books.toscrape.com/catalogue/the-elephant-tree_968/index.html,In stock (18 available),0,True,18,0
9f6568e9c95f60b0,Books,36.89,36.89,0.0,The Bear and the Piano,Childrens,https://books.toscrape.com/catalogue/the-bear-and-the-piano_967/index.html,In stock (18 available),0,True,18,0
6be3beb0793a53e7,Books,15.94,15.94,0.0,Sophie's World,Philosophy,https://books.toscrape.com/catalogue/sophies-world_966/index.html,In stock (18 available),0,True,18,0
668fe56b17cfcd4f,Books,33.29,33.29,0.0,Penny Maybe,Default,https://books.toscrape.com/catalogue/penny-maybe_965/index.html,In stock (18 available),0,True,18,0
094b269567e1c300,Books,18.02,18.02,0.0,Maude (1883-1993):She Grew Up with the country,Default,https://books.toscrape.com/catalogue/maude-1883-1993she-grew-up-with-the-country_964/index.html,In stock (18 available),0,True,18,0
19ed25f4641d5efd,Books,19.63,19.63,0.0,"In a Dark, Dark Wood",Mystery,https://books.toscrape.com/catalogue/in-a-dark-dark-wood_963/index.html,In stock (18 available),0,True,18,0
be5cc846f45496fb,Books,52.22,52.22,0.0,Behind Closed Doors,Thriller,https://books.toscrape.com/catalogue/behind-closed-doors_962/index.html,In stock (18 available),0,True,18,0
55f9da0c5eea2e10,Books,33.63,33.63,0.0,You can't bury them all: Poems,Poetry,https://books.toscrape.com/catalogue/you-cant-bury-them-all-poems_961/index.html,In stock (17 available),0,True,17,0
b4fd5943413e089a,Books,57.31,57.31,0.0,Slow States of Collapse: Poems,Poetry,https://books.toscrape.com/catalogue/slow-states-of-collapse-poems_960/index.html,In stock (17 available),0,True,17,0
c8f7f0cb1abb9cac,Books,26.41,26.41,0.0,Reasons to Stay Alive,Nonfiction,https://books.toscrape.com/catalogue/reasons-to-stay-alive_959/index.html,In stock (17 available),0,True,17,0
b12b89017878a60d,Books,47.61,47.61,0.0,Private Paris (Private #10),Fiction,https://books.toscrape.com/catalogue/private-paris-private-10_958/index.html,In stock (17 available),0,True,17,0
c27f6e1f185b0383,Books,23.11,23.11,0.0,#HigherSelfie: Wake Up Your Life. Free Your Soul. Find Your Tribe.,Nonfiction,https://books.toscrape.com/catalogue/higherselfie-wake-up-your-life-free-your-soul-find-your-tribe_957/index.html,In stock (17 available),0,True,17,0
acddfeab2a407640,Books,45.07,45.07,0.0,Without Borders (Wanderlove #1),New Adult,https://books.toscrape.com/catalogue/without-borders-wanderlove-1_956/index.html,In stock (16 available),0,True,16,0
3ecb690d1542c568,Books,31.77,31.77,0.0,When We Collided,Contemporary,https://books.toscrape.com/catalogue/when-we-collided_955/index.html,In stock (16 available),0,True,16,0
8d455c7539795d2a,Books,50.27,50.27,0.0,"We Love You, Charlie Freeman",Fiction,https://books.toscrape.com/catalogue/we-love-you-charlie-freeman_954/index.html,In stock (16 available),0,True,16,0
657fe5ead67a7767,Books,14.27,14.27,0.0,Untitled Collection: Sabbath Poems 2014,Poetry,https://books.toscrape.com/catalogue/untitled-collection-sabbath-poems-2014_953/index.html,In stock (16 available),0,True,16,0
d170b5a0da46380e,Books,44.18,44.18,0.0,"Unseen City: The Majesty of Pigeons, the Discreet Charm of Snails & Other Wonders of the Urban Wilderness",Nonfiction,https://books.toscrape.com/catalogue/unseen-city-the-majesty-of-pigeons-the-discreet-charm-of-snails-other-wonders-of-the-urban-wilderness_952/index.html,In stock (16 available),0,True,16,0
7ae099f3898e0209,Books,18.78,18.78,0.0,Unicorn Tracks,Fantasy,https://books.toscrape.com/catalogue/unicorn-tracks_951/index.html,In stock (16 available),0,True,16,0
9a9d6e9bc555731e,Books,25.52,25.52,0.0,"Unbound: How Eight Technologies Made Us Human, Transformed Society, and Brought Our World to the Brink",History,https://books.toscrape.com/catalogue/unbound-how-eight-technologies-made-us-human-transformed-society-and-brought-our-world-to-the-brink_950/index.html,In stock (16 available),0,True,16,0
09555be379ad9253,Books,16.28,16.28,0.0,Tsubasa: WoRLD CHRoNiCLE 2 (Tsubasa WoRLD CHRoNiCLE #2),Sequential Art,https://books.toscrape.com/catalogue/tsubasa-world-chronicle-2-tsubasa-world-chronicle-2_949/index.html,In stock (16 available),0,True,16,0
7858914fad68493c,Books,31.12,31.12,0.0,Throwing Rocks at the Google Bus: How Growth Became the Enemy of Prosperity,Nonfiction,https://books.toscrape.com/catalogue/throwing-rocks-at-the-google-bus-how-growth-became-the-enemy-of-prosperity_948/index.html,In stock (16 available),0,True,16,0
51653ef291ab7ddc,Books,19.49,19.49,0.0,This One Summer,Sequential Art,https://books.toscrape.com/catalogue/this-one-summer_947/index.html,In stock (16 available),0,True,16,0
709822d0b5bcb7f4,Books,17.27,17.27,0.0,Thirst,Fiction,https://books.toscrape.com/catalogue/thirst_946/index.html,In stock (16 available),0,True,16,0
4eed62cf5f8d8edf,Books,19.09,19.09,0.0,The Torch Is Passed: A Harding Family Story,Add a comment,https://books.toscrape.com/catalogue/the-torch-is-passed-a-harding-family-story_945/index.html,In stock (16 available),0,True,16,0
b5ea0b5dabed25a8,Books,56.13,56.13,0.0,The Secret of Dreadwillow Carse,Childrens,https://books.toscrape.com/catalogue/the-secret-of-dreadwillow-carse_944/index.html,In stock (16 available),0,True,16,0
142d767a56a9254d,Books,56.41,56.41,0.0,"The Pioneer Woman Cooks: Dinnertime: Comfort Classics, Freezer Food, 16-Minute Meals, and Other Delicious Ways to Solve Supper!",Food and Drink,https://books.toscrape.com/catalogue/the-pioneer-woman-cooks-dinnertime-comfort-classics-freezer-food-16-minute-meals-and-other-delicious-ways-to-solve-supper_943/index.html,In stock (16 available),0,True,16,0
5ee94540d0749ea0,Books,56.5,56.5,0.0,The Past Never Ends,Mystery,https://books.toscrape.com/catalogue/the-past-never-ends_942/index.html,In stock (16 available),0,True,16,0
cedf82b5086e4691,Books,45.22,45.22,0.0,The Natural History of Us (The Fine Art of Pretending #2),Young Adult,https://books.toscrape.com/catalogue/the-natural-history-of-us-the-fine-art-of-pretending-2_941/index.html,In stock (16 available),0,True,16,0
7d385d34d12e60ff,Books,38.16,38.16,0.0,The Nameless City (The Nameless City #1),Sequential Art,https://books.toscrape.com/catalogue/the-nameless-city-the-nameless-city-1_940/index.html,In stock (16 available),0,True,16,0
d01ac97e2b8947c2,Books,54.11,54.11,0.0,The Murder That Never Was (Forensic Instincts #5),Fiction,https://books.toscrape.com/catalogue/the-murder-that-never-was-forensic-instincts-5_939/index.html,In stock (16 available),0,True,16,0
aadee1c326d286e3,Books,42.96,42.96,0.0,The Most Perfect Thing: Inside (and Outside) a Bird's Egg,Science,https://books.toscrape.com/catalogue/the-most-perfect-thing-inside-and-outside-a-birds-egg_938/index.html,In stock (16 available),0,True,16,0
31075275518532d7,Books,23.89,23.89,0.0,"The Mindfulness and Acceptance Workbook for Anxiety: A Guide to Breaking Free from Anxiety, Phobias, and Worry Using Acceptance and Commitment Therapy",Add a comment,https://books.toscrape.com/catalogue/the-mindfulness-and-acceptance-workbook-for-anxiety-a-guide-to-breaking-free-from-anxiety-phobias-and-worry-using-acceptance-and-commitment-therapy_937/index.html,In stock (16 available),0,True,16,0
0da9aa9d24677fc0,Books,16.77,16.77,0.0,The Life-Changing Magic of Tidying Up: The Japanese Art of Decluttering and Organizing,Nonfiction,https://books.toscrape.com/catalogue/the-life-changing-magic-of-tidying-up-the-japanese-art-of-decluttering-and-organizing_936/index.html,In stock (16 available),0,True,16,0
8c9e6bf2467d740d,Books,20.59,20.59,0.0,"The Inefficiency Assassin: Time Management Tactics for Working Smarter, Not Longer",Default,https://books.toscrape.com/catalogue/the-inefficiency-assassin-time-management-tactics-for-working-smarter-not-longer_935/index.html,In stock (16 available),0,True,16,0
acd86a5426e21ca0,Books,37.13,37.13,0.0,The Gutsy Girl: Escapades for Your Life of Epic Adventure,Nonfiction,https://books.toscrape.com/catalogue/the-gutsy-girl-escapades-for-your-life-of-epic-adventure_934/index.html,In stock (16 available),0,True,16,0
a30b270e25489e5c,Books,56.06,56.06,0.0,The Electric Pencil: Drawings from Inside State Hospital No. 3,Nonfiction,https://books.toscrape.com/catalogue/the-electric-pencil-drawings-from-inside-state-hospital-no-3_933/index.html,In stock (16 available),0,True,16,0
bd261725b99f5983,Books,58.11,58.11,0.0,The Death of Humanity: and the Case for Life,Philosophy,https://books.toscrape.com/catalogue/the-death-of-humanity-and-the-case-for-life_932/index.html,In stock (16 available),0,True,16,0
43c6a960757cf559,Books,49.05,49.05,0.0,"The Bulletproof Diet: Lose up to a Pound a Day, Reclaim Energy and Focus, Upgrade Your Life",Health,https://books.toscrape.com/catalogue/the-bulletproof-diet-lose-up-to-a-pound-a-day-reclaim-energy-and-focus-upgrade-your-life_931/index.html,In stock (16 available),0,True,16,0
80cfab6bcff3a244,Books,40.76,40.76,0.0,The Art Forger,Add a comment,https://books.toscrape.com/catalogue/the-art-forger_930/index.html,In stock (16 available),0,True,16,0
a3d2a4250807f1e9,Books,19.73,19.73,0.0,The Age of Genius: The Seventeenth Century and the Birth of the Modern Mind,History,https://books.toscrape.com/catalogue/the-age-of-genius-the-seventeenth-century-and-the-birth-of-the-modern-mind_929/index.html,In stock (16 available),0,True,16,0
7d6d2a6c0276f81b,Books,32.24,32.24,0.0,The Activist's Tao Te Ching: Ancient Advice for a Modern Revolution,Spirituality,https://books.toscrape.com/catalogue/the-activists-tao-te-ching-ancient-advice-for-a-modern-revolution_928/index.html,In stock (16 available),0,True,16,0
87b0615b6e1f4d7b,Books,41.83,41.83,0.0,Spark Joy: An Illustrated Master Class on the Art of Organizing and Tidying Up,Nonfiction,https://books.toscrape.com/catalogue/spark-joy-an-illustrated-master-class-on-the-art-of-organizing-and-tidying-up_927/index.html,In stock (16 available),0,True,16,0
e6af5bf1163c1151,Books,39.58,39.58,0.0,Soul Reader,Default,https://books.toscrape.com/catalogue/soul-reader_926/index.html,In stock (16 available),0,True,16,0
6f78a0d744c35456,Books,39.25,39.25,0.0,Security,Horror,https://books.toscrape.com/catalogue/security_925/index.html,In stock (16 available),0,True,16,0
c849f0b2f5d6a742,Books,25.02,25.02,0.0,"Saga, Volume 6 (Saga (Collected Editions) #6)",Fantasy,https://books.toscrape.com/catalogue/saga-volume-6-saga-collected-editions-6_924/index.html,In stock (16 available),0,True,16,0
53a3d11bb568cc8b,Books,51.04,51.04,0.0,"Saga, Volume 5 (Saga (Collected Editions) #5)",Sequential Art,https://books.toscrape.com/catalogue/saga-volume-5-saga-collected-editions-5_923/index.html,In stock (16 available),0,True,16,0
d7310206583a54b6,Books,19.83,19.83,0.0,Reskilling America: Learning to Labor in the Twenty-First Century,Nonfiction,https://books.toscrape.com/catalogue/reskilling-america-learning-to-labor-in-the-twenty-first-century_922/index.html,In stock (16 available),0,True,16,0
c82a3e358c773c73,Books,50.4,50.4,0.0,"Rat Queens, Vol. 3: Demons (Rat Queens (Collected Editions) #11-15)",Sequential Art,https://books.toscrape.com/catalogue/rat-queens-vol-3-demons-rat-queens-collected-editions-11-15_921/index.html,In stock (16 available),0,True,16,0
0fa6dceead7ce47a,Books,13.61,13.61,0.0,"Princess Jellyfish 2-in-1 Omnibus, Vol. 01 (Princess Jellyfish 2-in-1 Omnibus #1)",Sequential Art,https://books.toscrape.com/catalogue/princess-jellyfish-2-in-1-omnibus-vol-01-princess-jellyfish-2-in-1-omnibus-1_920/index.html,In stock (16 available),0,True,16,0
0e691eda369f4e09,Books,13.34,13.34,0.0,Princess Between Worlds (Wide-Awake Princess #5),Fantasy,https://books.toscrape.com/catalogue/princess-between-worlds-wide-awake-princess-5_919/index.html,In stock (16 available),0,True,16,0
e80f8e518b300dfe,Books,18.97,18.97,0.0,"Pop Gun War, Volume 1: Gift",Sequential Art,https://books.toscrape.com/catalogue/pop-gun-war-volume-1-gift_918/index.html,In stock (16 available),0,True,16,0
7392c0032f92d816,Books,36.28,36.28,0.0,"Political Suicide: Missteps, Peccadilloes, Bad Calls, Backroom Hijinx, Sordid Pasts, Rotten Breaks, and Just Plain Dumb Mistakes in the Annals of American Politics",History,https://books.toscrape.com/catalogue/political-suicide-missteps-peccadilloes-bad-calls-backroom-hijinx-sordid-pasts-rotten-breaks-and-just-plain-dumb-mistakes-in-the-annals-of-american-politics_917/index.html,In stock (16 available),0,True,16,0
9429b4d59c537af5,Books,10.16,10.16,0.0,Patience,Sequential Art,https://books.toscrape.com/catalogue/patience_916/index.html,In stock (16 available),0,True,16,0
889139b8e9c4cb36,Books,15.44,15.44,0.0,"Outcast, Vol. 1: A Darkness Surrounds Him (Outcast #1)",Sequential Art,https://books.toscrape.com/catalogue/outcast-vol-1-a-darkness-surrounds-him-outcast-1_915/index.html,In stock (16 available),0,True,16,0
11809b1d323b3057,Books,48.41,48.41,0.0,orange: The Complete Collection 1 (orange: The Complete Collection #1),Sequential Art,https://books.toscrape.com/catalogue/orange-the-complete-collection-1-orange-the-complete-collection-1_914/index.html,In stock (16 available),0,True,16,0
9ffa38d3b832433a,Books,46.35,46.35,0.0,Online Marketing for Busy Authors: A Step-By-Step Guide,Self Help,https://books.toscrape.com/catalogue/online-marketing-for-busy-authors-a-step-by-step-guide_913/index.html,In stock (16 available),0,True,16,0
b757c0c361e689ce,Books,14.07,14.07,0.0,On a Midnight Clear,Add a comment,https://books.toscrape.com/catalogue/on-a-midnight-clear_912/index.html,In stock (16 available),0,True,16,0
3c346ab1e76ae1f6,Books,14.86,14.86,0.0,Obsidian (Lux #1),Young Adult,https://books.toscrape.com/catalogue/obsidian-lux-1_911/index.html,In stock (16 available),0,True,16,0
784bc2279baa878d,Books,33.37,33.37,0.0,My Paris Kitchen: Recipes and Stories,Food and Drink,https://books.toscrape.com/catalogue/my-paris-kitchen-recipes-and-stories_910/index.html,In stock (16 available),0,True,16,0
fa9610a50a1bf149,Books,56.4,56.4,0.0,Masks and Shadows,Fantasy,https://books.toscrape.com/catalogue/masks-and-shadows_909/index.html,In stock (16 available),0,True,16,0
72f9d5be3472d34e,Books,14.02,14.02,0.0,"Mama Tried: Traditional Italian Cooking for the Screwed, Crude, Vegan, and Tattooed",Food and Drink,https://books.toscrape.com/catalogue/mama-tried-traditional-italian-cooking-for-the-screwed-crude-vegan-and-tattooed_908/index.html,In stock (16 available),0,True,16,0
460089f796fb3f82,Books,46.91,46.91,0.0,"Lumberjanes, Vol. 2: Friendship to the Max (Lumberjanes #5-8)",Sequential Art,https://books.toscrape.com/catalogue/lumberjanes-vol-2-friendship-to-the-max-lumberjanes-5-8_907/index.html,In stock (16 available),0,True,16,0
b6ee99bcf06fc91f,Books,45.61,45.61,0.0,"Lumberjanes, Vol. 1: Beware the Kitten Holy (Lumberjanes #1-4)",Sequential Art,https://books.toscrape.com/catalogue/lumberjanes-vol-1-beware-the-kitten-holy-lumberjanes-1-4_906/index.html,In stock (16 available),0,True,16,0
57e5a4d515c8ce44,Books,19.92,19.92,0.0,Lumberjanes Vol. 3: A Terrible Plan (Lumberjanes #9-12),Sequential Art,https://books.toscrape.com/catalogue/lumberjanes-vol-3-a-terrible-plan-lumberjanes-9-12_905/index.html,In stock (16 available),0,True,16,0
7b75cc7f223791f4,Books,40.11,40.11,0.0,"Layered: Baking, Building, and Styling Spectacular Cakes",Food and Drink,https://books.toscrape.com/catalogue/layered-baking-building-and-styling-spectacular-cakes_904/index.html,In stock (16 available),0,True,16,0
228f74b74f3a08ae,Books,53.9,53.9,0.0,Judo: Seven Steps to Black Belt (an Introductory Guide for Beginners),Add a comment,https://books.toscrape.com/catalogue/judo-seven-steps-to-black-belt-an-introductory-guide-for-beginners_903/index.html,In stock (16 available),0,True,16,0
18ad3ed896c7ce05,Books,35.67,35.67,0.0,Join,Science Fiction,https://books.toscrape.com/catalogue/join_902/index.html,In stock (16 available),0,True,16,0
b136b1b180ca753a,Books,22.0,22.0,0.0,In the Country We Love: My Family Divided,Nonfiction,https://books.toscrape.com/catalogue/in-the-country-we-love-my-family-divided_901/index.html,In stock (16 available),0,True,16,0
e4f74c16de34d440,Books,57.36,57.36,0.0,Immunity: How Elie Metchnikoff Changed the Course of Modern Medicine,Science,https://books.toscrape.com/catalogue/immunity-how-elie-metchnikoff-changed-the-course-of-modern-medicine_900/index.html,In stock (16 available),0,True,16,0
8d4eefad7a2b3915,Books,29.17,29.17,0.0,"I Hate Fairyland, Vol. 1: Madly Ever After (I Hate Fairyland (Compilations) #1-5)",Sequential Art,https://books.toscrape.com/catalogue/i-hate-fairyland-vol-1-madly-ever-after-i-hate-fairyland-compilations-1-5_899/index.html,In stock (16 available),0,True,16,0
1c89ae5bb804e4de,Books,54.63,54.63,0.0,I am a Hero Omnibus Volume 1,Sequential Art,https://books.toscrape.com/catalogue/i-am-a-hero-omnibus-volume-1_898/index.html,In stock (16 available),0,True,16,0
a6f99b9e687f9d46,Books,46.03,46.03,0.0,How to Be Miserable: 40 Strategies You Already Use,Self Help,https://books.toscrape.com/catalogue/how-to-be-miserable-40-strategies-you-already-use_897/index.html,In stock (16 available),0,True,16,0
2a97cffe61c3c4c7,Books,33.97,33.97,0.0,Her Backup Boyfriend (The Sorensen Family #1),Romance,https://books.toscrape.com/catalogue/her-backup-boyfriend-the-sorensen-family-1_896/index.html,In stock (16 available),0,True,16,0
f2df3bb043a8abb0,Books,22.11,22.11,0.0,"Giant Days, Vol. 2 (Giant Days #5-8)",Sequential Art,https://books.toscrape.com/catalogue/giant-days-vol-2-giant-days-5-8_895/index.html,In stock (16 available),0,True,16,0
9beb96a2300109d7,Books,29.69,29.69,0.0,Forever and Forever: The Courtship of Henry Longfellow and Fanny Appleton,Historical Fiction,https://books.toscrape.com/catalogue/forever-and-forever-the-courtship-of-henry-longfellow-and-fanny-appleton_894/index.html,In stock (16 available),0,True,16,0
9e28048cea8d41f7,Books,15.97,15.97,0.0,First and First (Five Boroughs #3),Romance,https://books.toscrape.com/catalogue/first-and-first-five-boroughs-3_893/index.html,In stock (16 available),0,True,16,0
7add3f8e49ec0826,Books,21.96,21.96,0.0,Fifty Shades Darker (Fifty Shades #2),Romance,https://books.toscrape.com/catalogue/fifty-shades-darker-fifty-shades-2_892/index.html,In stock (16 available),0,True,16,0
311c0dd0e354a33e,Books,54.35,54.35,0.0,Everydata: The Misinformation Hidden in the Little Data You Consume Every Day,Nonfiction,https://books.toscrape.com/catalogue/everydata-the-misinformation-hidden-in-the-little-data-you-consume-every-day_891/index.html,In stock (16 available),0,True,16,0
fce19f9b4a943f22,Books,37.97,37.97,0.0,"Don't Be a Jerk: And Other Practical Advice from Dogen, Japan's Greatest Zen Master",Religion,https://books.toscrape.com/catalogue/dont-be-a-jerk-and-other-practical-advice-from-dogen-japans-greatest-zen-master_890/index.html,In stock (16 available),0,True,16,0
09b6cc87e62c2c58,Books,51.99,51.99,0.0,Danganronpa Volume 1,Sequential Art,https://books.toscrape.com/catalogue/danganronpa-volume-1_889/index.html,In stock (16 available),0,True,16,0
7267864328ae8b9d,Books,43.29,43.29,0.0,Crown of Midnight (Throne of Glass #2),Fantasy,https://books.toscrape.com/catalogue/crown-of-midnight-throne-of-glass-2_888/index.html,In stock (16 available),0,True,16,0
8754c83ab2a7ae71,Books,36.72,36.72,0.0,"Codename Baboushka, Volume 1: The Conclave of Death",Sequential Art,https://books.toscrape.com/catalogue/codename-baboushka-volume-1-the-conclave-of-death_887/index.html,In stock (16 available),0,True,16,0
7b599c8bfcdd8d30,Books,17.08,17.08,0.0,Camp Midnight,Sequential Art,https://books.toscrape.com/catalogue/camp-midnight_886/index.html,In stock (16 available),0,True,16,0
bee3672891cca906,Books,29.14,29.14,0.0,Call the Nurse: True Stories of a Country Nurse on a Scottish Isle,Nonfiction,https://books.toscrape.com/catalogue/call-the-nurse-true-stories-of-a-country-nurse-on-a-scottish-isle_885/index.html,In stock (16 available),0,True,16,0
5ceb951f629700a2,Books,28.81,28.81,0.0,Burning,Young Adult,https://books.toscrape.com/catalogue/burning_884/index.html,In stock (16 available),0,True,16,0
74baabfc8fd84b38,Books,49.46,49.46,0.0,Bossypants,Default,https://books.toscrape.com/catalogue/bossypants_883/index.html,In stock (16 available),0,True,16,0
bdf415fd484ea8a7,Books,37.92,37.92,0.0,"Bitch Planet, Vol. 1: Extraordinary Machine (Bitch Planet (Collected Editions))",Sequential Art,https://books.toscrape.com/catalogue/bitch-planet-vol-1-extraordinary-machine-bitch-planet-collected-editions_882/index.html,In stock (16 available),0,True,16,0
6d5300b2d8f37e07,Books,28.09,28.09,0.0,"Avatar: The Last Airbender: Smoke and Shadow, Part 3 (Smoke and Shadow #3)",Fantasy,https://books.toscrape.com/catalogue/avatar-the-last-airbender-smoke-and-shadow-part-3-smoke-and-shadow-3_881/index.html,In stock (16 available),0,True,16,0
38d45839cb1c83c1,Books,30.81,30.81,0.0,Algorithms to Live By: The Computer Science of Human Decisions,Nonfiction,https://books.toscrape.com/catalogue/algorithms-to-live-by-the-computer-science-of-human-decisions_880/index.html,In stock (16 available),0,True,16,0
70ed59f194b3c556,Books,42.95,42.95,0.0,A World of Flavor: Your Gluten Free Passport,Default,https://books.toscrape.com/catalogue/a-world-of-flavor-your-gluten-free-passport_879/index.html,In stock (16 available),0,True,16,0
8a380641491d43ed,Books,56.76,56.76,0.0,"A Piece of Sky, a Grain of Rice: A Memoir in Four Meditations",Default,https://books.toscrape.com/catalogue/a-piece-of-sky-a-grain-of-rice-a-memoir-in-four-meditations_878/index.html,In stock (16 available),0,True,16,0
f733e8c19d40ec2e,Books,16.64,16.64,0.0,A Murder in Time,Mystery,https://books.toscrape.com/catalogue/a-murder-in-time_877/index.html,In stock (16 available),0,True,16,0
3a6fb983e2554023,Books,55.53,55.53,0.0,A Flight of Arrows (The Pathfinders #2),Historical Fiction,https://books.toscrape.com/catalogue/a-flight-of-arrows-the-pathfinders-2_876/index.html,In stock (16 available),0,True,16,0
842790dfaa937484,Books,28.13,28.13,0.0,A Fierce and Subtle Poison,Young Adult,https://books.toscrape.com/catalogue/a-fierce-and-subtle-poison_875/index.html,In stock (16 available),0,True,16,0
01d2001ac1e6f8a3,Books,52.37,52.37,0.0,A Court of Thorns and Roses (A Court of Thorns and Roses #1),Fantasy,https://books.toscrape.com/catalogue/a-court-of-thorns-and-roses-a-court-of-thorns-and-roses-1_874/index.html,In stock (16 available),0,True,16,0
e4ac92d89b946781,Books,54.0,54.0,0.0,(Un)Qualified: How God Uses Broken People to Do Big Things,Christian,https://books.toscrape.com/catalogue/unqualified-how-god-uses-broken-people-to-do-big-things_873/index.html,In stock (16 available),0,True,16,0
796c87ddbbaaf8c5,Books,21.87,21.87,0.0,You Are What You Love: The Spiritual Power of Habit,Religion,https://books.toscrape.com/catalogue/you-are-what-you-love-the-spiritual-power-of-habit_872/index.html,In stock (15 available),0,True,15,0
9270575728a13a61,Books,43.3,43.3,0.0,"William Shakespeare's Star Wars: Verily, A New Hope (William Shakespeare's Star Wars #4)",Science Fiction,https://books.toscrape.com/catalogue/william-shakespeares-star-wars-verily-a-new-hope-william-shakespeares-star-wars-4_871/index.html,In stock (15 available),0,True,15,0
b8736690cf263a3c,Books,21.04,21.04,0.0,Tuesday Nights in 1980,Fiction,https://books.toscrape.com/catalogue/tuesday-nights-in-1980_870/index.html,In stock (15 available),0,True,15,0
d7d6d50c1e3d0b81,Books,41.6,41.6,0.0,Tracing Numbers on a Train,Default,https://books.toscrape.com/catalogue/tracing-numbers-on-a-train_869/index.html,In stock (15 available),0,True,15,0
590a9cccf7db9f7d,Books,35.07,35.07,0.0,Throne of Glass (Throne of Glass #1),Fantasy,https://books.toscrape.com/catalogue/throne-of-glass-throne-of-glass-1_868/index.html,In stock (15 available),0,True,15,0
de3f25248ba0789f,Books,59.64,59.64,0.0,Thomas Jefferson and the Tripoli Pirates: The Forgotten War That Changed American History,History,https://books.toscrape.com/catalogue/thomas-jefferson-and-the-tripoli-pirates-the-forgotten-war-that-changed-american-history_867/index.html,In stock (15 available),0,True,15,0
bc2a85fd35fdc7bd,Books,52.72,52.72,0.0,Thirteen Reasons Why,Default,https://books.toscrape.com/catalogue/thirteen-reasons-why_866/index.html,In stock (15 available),0,True,15,0
37c0cb19713d8dda,Books,58.08,58.08,0.0,The White Cat and the Monk: A Retelling of the Poem “Pangur Bán”,Childrens,https://books.toscrape.com/catalogue/the-white-cat-and-the-monk-a-retelling-of-the-poem-pangur-ban_865/index.html,In stock (15 available),0,True,15,0
623e1a180426039b,Books,24.12,24.12,0.0,The Wedding Dress,Romance,https://books.toscrape.com/catalogue/the-wedding-dress_864/index.html,In stock (15 available),0,True,15,0
fd3a622648667296,Books,42.15,42.15,0.0,The Vacationers,Fiction,https://books.toscrape.com/catalogue/the-vacationers_863/index.html,In stock (15 available),0,True,15,0
3bebf34ee9330cbd,Books,12.61,12.61,0.0,The Third Wave: An Entrepreneur’s Vision of the Future,Business,https://books.toscrape.com/catalogue/the-third-wave-an-entrepreneurs-vision-of-the-future_862/index.html,In stock (15 available),0,True,15,0
f5a92cff83897d48,Books,17.44,17.44,0.0,The Stranger,Philosophy,https://books.toscrape.com/catalogue/the-stranger_861/index.html,In stock (15 available),0,True,15,0
d6361d16212664ed,Books,33.14,33.14,0.0,The Shadow Hero (The Shadow Hero),Sequential Art,https://books.toscrape.com/catalogue/the-shadow-hero-the-shadow-hero_860/index.html,In stock (15 available),0,True,15,0
961f18db4f138211,Books,27.37,27.37,0.0,The Secret (The Secret #1),Default,https://books.toscrape.com/catalogue/the-secret-the-secret-1_859/index.html,In stock (15 available),0,True,15,0
0651062381f0636a,Books,51.36,51.36,0.0,The Regional Office Is Under Attack!,Fiction,https://books.toscrape.com/catalogue/the-regional-office-is-under-attack_858/index.html,In stock (15 available),0,True,15,0
e98a4efa85070c2f,Books,36.0,36.0,0.0,The Psychopath Test: A Journey Through the Madness Industry,Default,https://books.toscrape.com/catalogue/the-psychopath-test-a-journey-through-the-madness-industry_857/index.html,In stock (15 available),0,True,15,0
790ef197c8f236f5,Books,10.65,10.65,0.0,The Project,Science Fiction,https://books.toscrape.com/catalogue/the-project_856/index.html,In stock (15 available),0,True,15,0
8ec14b1576cb7cb5,Books,43.54,43.54,0.0,The Power of Now: A Guide to Spiritual Enlightenment,Nonfiction,https://books.toscrape.com/catalogue/the-power-of-now-a-guide-to-spiritual-enlightenment_855/index.html,In stock (15 available),0,True,15,0
209adad1015af86f,Books,38.21,38.21,0.0,The Omnivore's Dilemma: A Natural History of Four Meals,Nonfiction,https://books.toscrape.com/catalogue/the-omnivores-dilemma-a-natural-history-of-four-meals_854/index.html,In stock (15 available),0,True,15,0
e4c7f3487d17fd42,Books,37.34,37.34,0.0,The Nerdy Nummies Cookbook: Sweet Treats for the Geek in All of Us,Food and Drink,https://books.toscrape.com/catalogue/the-nerdy-nummies-cookbook-sweet-treats-for-the-geek-in-all-of-us_853/index.html,In stock (15 available),0,True,15,0
c7b5183f4d1d4efe,Books,44.1,44.1,0.0,The Murder of Roger Ackroyd (Hercule Poirot #4),Mystery,https://books.toscrape.com/catalogue/the-murder-of-roger-ackroyd-hercule-poirot-4_852/index.html,In stock (15 available),0,True,15,0
99ff4cc6491e8f5c,Books,43.29,43.29,0.0,The Mistake (Off-Campus #2),New Adult,https://books.toscrape.com/catalogue/the-mistake-off-campus-2_851/index.html,In stock (15 available),0,True,15,0
08db62f24627e71f,Books,55.85,55.85,0.0,The Matchmaker's Playbook (Wingmen Inc. #1),New Adult,https://books.toscrape.com/catalogue/the-matchmakers-playbook-wingmen-inc-1_850/index.html,In stock (15 available),0,True,15,0
e28e330cbdf01126,Books,37.6,37.6,0.0,The Love and Lemons Cookbook: An Apple-to-Zucchini Celebration of Impromptu Cooking,Food and Drink,https://books.toscrape.com/catalogue/the-love-and-lemons-cookbook-an-apple-to-zucchini-celebration-of-impromptu-cooking_849/index.html,In stock (15 available),0,True,15,0
abeafe151a587d3b,Books,10.97,10.97,0.0,The Long Shadow of Small Ghosts: Murder and Memory in an American City,Crime,https://books.toscrape.com/catalogue/the-long-shadow-of-small-ghosts-murder-and-memory-in-an-american-city_848/index.html,In stock (15 available),0,True,15,0
eac1a180047ad54e,Books,41.82,41.82,0.0,The Kite Runner,Default,https://books.toscrape.com/catalogue/the-kite-runner_847/index.html,In stock (15 available),0,True,15,0
9287e238d7c3b06e,Books,36.95,36.95,0.0,The House by the Lake,Historical Fiction,https://books.toscrape.com/catalogue/the-house-by-the-lake_846/index.html,In stock (15 available),0,True,15,0
2dbb7ec08cdd7f3c,Books,44.28,44.28,0.0,The Glittering Court (The Glittering Court #1),Fantasy,https://books.toscrape.com/catalogue/the-glittering-court-the-glittering-court-1_845/index.html,In stock (15 available),0,True,15,0
e956d67c9bcc5809,Books,55.02,55.02,0.0,The Girl on the Train,Default,https://books.toscrape.com/catalogue/the-girl-on-the-train_844/index.html,In stock (15 available),0,True,15,0
42d0d7c92b75fc1c,Books,17.24,17.24,0.0,The Genius of Birds,Nonfiction,https://books.toscrape.com/catalogue/the-genius-of-birds_843/index.html,In stock (15 available),0,True,15,0
d6670dfe3e7b42bd,Books,23.15,23.15,0.0,The Emerald Mystery,Default,https://books.toscrape.com/catalogue/the-emerald-mystery_842/index.html,In stock (15 available),0,True,15,0
96a38e7c813d8f1d,Books,41.25,41.25,0.0,The Cookies & Cups Cookbook: 125+ sweet & savory recipes reminding you to Always Eat Dessert First,Food and Drink,https://books.toscrape.com/catalogue/the-cookies-cups-cookbook-125-sweet-savory-recipes-reminding-you-to-always-eat-dessert-first_841/index.html,In stock (15 available),0,True,15,0
efc3768127714ec3,Books,32.0,32.0,0.0,The Bridge to Consciousness: I'm Writing the Bridge Between Science and Our Old and New Beliefs.,Default,https://books.toscrape.com/catalogue/the-bridge-to-consciousness-im-writing-the-bridge-between-science-and-our-old-and-new-beliefs_840/index.html,In stock (15 available),0,True,15,0
dd047728de72ad62,Books,38.49,38.49,0.0,The Artist's Way: A Spiritual Path to Higher Creativity,Nonfiction,https://books.toscrape.com/catalogue/the-artists-way-a-spiritual-path-to-higher-creativity_839/index.html,In stock (15 available),0,True,15,0
e7469e22b5bfb3e7,Books,33.34,33.34,0.0,The Art of War,Default,https://books.toscrape.com/catalogue/the-art-of-war_838/index.html,In stock (15 available),0,True,15,0
c99761a700ade23f,Books,10.93,10.93,0.0,The Argonauts,Autobiography,https://books.toscrape.com/catalogue/the-argonauts_837/index.html,In stock (15 available),0,True,15,0
56e4f9eab2e8e674,Books,27.55,27.55,0.0,The 10% Entrepreneur: Live Your Startup Dream Without Quitting Your Day Job,Business,https://books.toscrape.com/catalogue/the-10-entrepreneur-live-your-startup-dream-without-quitting-your-day-job_836/index.html,In stock (15 available),0,True,15,0
203b7f94b7d6115f,Books,55.99,55.99,0.0,Suddenly in Love (Lake Haven #1),Romance,https://books.toscrape.com/catalogue/suddenly-in-love-lake-haven-1_835/index.html,In stock (15 available),0,True,15,0
ca71e72655bece85,Books,16.24,16.24,0.0,Something More Than This,Romance,https://books.toscrape.com/catalogue/something-more-than-this_834/index.html,In stock (15 available),0,True,15,0
2a70769cdc6eb8b8,Books,26.12,26.12,0.0,Soft Apocalypse,Science Fiction,https://books.toscrape.com/catalogue/soft-apocalypse_833/index.html,In stock (15 available),0,True,15,0
1b33663ad7b95fd8,Books,12.23,12.23,0.0,So You've Been Publicly Shamed,Nonfiction,https://books.toscrape.com/catalogue/so-youve-been-publicly-shamed_832/index.html,In stock (15 available),0,True,15,0
0e0dcc3339602b28,Books,23.99,23.99,0.0,Shoe Dog: A Memoir by the Creator of NIKE,Business,https://books.toscrape.com/catalogue/shoe-dog-a-memoir-by-the-creator-of-nike_831/index.html,In stock (15 available),0,True,15,0
0c27e6c3744fc14b,Books,29.06,29.06,0.0,"Shobu Samurai, Project Aryoku (#3)",Add a comment,https://books.toscrape.com/catalogue/shobu-samurai-project-aryoku-3_830/index.html,In stock (15 available),0,True,15,0
ad04ad9fc179fc5d,Books,20.27,20.27,0.0,Secrets and Lace (Fatal Hearts #1),Default,https://books.toscrape.com/catalogue/secrets-and-lace-fatal-hearts-1_829/index.html,In stock (15 available),0,True,15,0
1c929cfd16b71907,Books,43.55,43.55,0.0,Scarlett Epstein Hates It Here,Young Adult,https://books.toscrape.com/catalogue/scarlett-epstein-hates-it-here_828/index.html,In stock (15 available),0,True,15,0
e656e280bc8edd56,Books,36.94,36.94,0.0,Romero and Juliet: A Tragic Tale of Love and Zombies,Default,https://books.toscrape.com/catalogue/romero-and-juliet-a-tragic-tale-of-love-and-zombies_827/index.html,In stock (15 available),0,True,15,0
b53db2271c9624f7,Books,20.47,20.47,0.0,Redeeming Love,Christian Fiction,https://books.toscrape.com/catalogue/redeeming-love_826/index.html,In stock (15 available),0,True,15,0
d9c643fa1fc57bdb,Books,41.06,41.06,0.0,Poses for Artists Volume 1 - Dynamic and Sitting Poses: An Essential Reference for Figure Drawing and the Human Form,Default,https://books.toscrape.com/catalogue/poses-for-artists-volume-1-dynamic-and-sitting-poses-an-essential-reference-for-figure-drawing-and-the-human-form_825/index.html,In stock (15 available),0,True,15,0
31001a1210623bd4,Books,14.19,14.19,0.0,Poems That Make Grown Women Cry,Poetry,https://books.toscrape.com/catalogue/poems-that-make-grown-women-cry_824/index.html,In stock (15 available),0,True,15,0
50b8f80311b31ede,Books,38.28,38.28,0.0,"Nightingale, Sing",Young Adult,https://books.toscrape.com/catalogue/nightingale-sing_823/index.html,In stock (15 available),0,True,15,0
cfeb1e1e0e695b58,Books,41.05,41.05,0.0,Night Sky with Exit Wounds,Poetry,https://books.toscrape.com/catalogue/night-sky-with-exit-wounds_822/index.html,In stock (15 available),0,True,15,0
a40723994f715420,Books,30.25,30.25,0.0,Mrs. Houdini,Historical Fiction,https://books.toscrape.com/catalogue/mrs-houdini_821/index.html,In stock (15 available),0,True,15,0
caf4fe9311f1dc59,Books,28.26,28.26,0.0,Modern Romance,Add a comment,https://books.toscrape.com/catalogue/modern-romance_820/index.html,In stock (15 available),0,True,15,0
af96613fdd793a3c,Books,10.76,10.76,0.0,Miss Peregrine’s Home for Peculiar Children (Miss Peregrine’s Peculiar Children #1),Default,https://books.toscrape.com/catalogue/miss-peregrines-home-for-peculiar-children-miss-peregrines-peculiar-children-1_819/index.html,In stock (15 available),0,True,15,0
d69dd8dac66f9f84,Books,16.85,16.85,0.0,Louisa: The Extraordinary Life of Mrs. Adams,Biography,https://books.toscrape.com/catalogue/louisa-the-extraordinary-life-of-mrs-adams_818/index.html,In stock (15 available),0,True,15,0
4aa03792b50f0b22,Books,13.47,13.47,0.0,Little Red,Childrens,https://books.toscrape.com/catalogue/little-red_817/index.html,In stock (15 available),0,True,15,0
ba54932df84e8cea,Books,48.56,48.56,0.0,Library of Souls (Miss Peregrine’s Peculiar Children #3),Young Adult,https://books.toscrape.com/catalogue/library-of-souls-miss-peregrines-peculiar-children-3_816/index.html,In stock (15 available),0,True,15,0
c1afd71fc86bf682,Books,19.15,19.15,0.0,Large Print Heart of the Pride,Default,https://books.toscrape.com/catalogue/large-print-heart-of-the-pride_815/index.html,In stock (15 available),0,True,15,0
fd8585283fc7d2d7,Books,57.36,57.36,0.0,I Had a Nice Time And Other Lies...: How to find love & sh*t like that,Womens Fiction,https://books.toscrape.com/catalogue/i-had-a-nice-time-and-other-lies-how-to-find-love-sht-like-that_814/index.html,In stock (15 available),0,True,15,0
4ce91d31c1e57c33,Books,42.98,42.98,0.0,Hollow City (Miss Peregrine’s Peculiar Children #2),Fantasy,https://books.toscrape.com/catalogue/hollow-city-miss-peregrines-peculiar-children-2_813/index.html,In stock (15 available),0,True,15,0
d163dd6c352fbcd2,Books,22.16,22.16,0.0,Grumbles,Default,https://books.toscrape.com/catalogue/grumbles_812/index.html,In stock (15 available),0,True,15,0
ce60436f52c5ee68,Books,49.43,49.43,0.0,Full Moon over Noah’s Ark: An Odyssey to Mount Ararat and Beyond,Travel,https://books.toscrape.com/catalogue/full-moon-over-noahs-ark-an-odyssey-to-mount-ararat-and-beyond_811/index.html,In stock (15 available),0,True,15,0
116a2fdc9a45bab0,Books,29.99,29.99,0.0,Frostbite (Vampire Academy #2),Young Adult,https://books.toscrape.com/catalogue/frostbite-vampire-academy-2_810/index.html,In stock (15 available),0,True,15,0
8585760646e3aa2a,Books,21.36,21.36,0.0,Follow You Home,Horror,https://books.toscrape.com/catalogue/follow-you-home_809/index.html,In stock (15 available),0,True,15,0
2f88b08bf0a0e367,Books,29.0,29.0,0.0,First Steps for New Christians (Print Edition),Default,https://books.toscrape.com/catalogue/first-steps-for-new-christians-print-edition_808/index.html,In stock (15 available),0,True,15,0
edb3097e71330040,Books,53.53,53.53,0.0,Finders Keepers (Bill Hodges Trilogy #2),Fiction,https://books.toscrape.com/catalogue/finders-keepers-bill-hodges-trilogy-2_807/index.html,In stock (15 available),0,True,15,0
65d034adf80834b7,Books,41.62,41.62,0.0,"Fables, Vol. 1: Legends in Exile (Fables #1)",Sequential Art,https://books.toscrape.com/catalogue/fables-vol-1-legends-in-exile-fables-1_806/index.html,In stock (15 available),0,True,15,0
29c0025455f8c585,Books,54.59,54.59,0.0,Eureka Trivia 6.0,Default,https://books.toscrape.com/catalogue/eureka-trivia-60_805/index.html,In stock (15 available),0,True,15,0
6ffb36aaeff1c81e,Books,34.95,34.95,0.0,Drive: The Surprising Truth About What Motivates Us,Default,https://books.toscrape.com/catalogue/drive-the-surprising-truth-about-what-motivates-us_804/index.html,In stock (15 available),0,True,15,0
f6d967cdadc6fbd9,Books,37.72,37.72,0.0,Done Rubbed Out (Reightman & Bailey #1),Default,https://books.toscrape.com/catalogue/done-rubbed-out-reightman-bailey-1_803/index.html,In stock (15 available),0,True,15,0
3a11bb962ff45b78,Books,35.61,35.61,0.0,Doing It Over (Most Likely To #1),Romance,https://books.toscrape.com/catalogue/doing-it-over-most-likely-to-1_802/index.html,In stock (15 available),0,True,15,0
46c1530d7546ea6d,Books,42.16,42.16,0.0,"Deliciously Ella Every Day: Quick and Easy Recipes for Gluten-Free Snacks, Packed Lunches, and Simple Meals",Food and Drink,https://books.toscrape.com/catalogue/deliciously-ella-every-day-quick-and-easy-recipes-for-gluten-free-snacks-packed-lunches-and-simple-meals_801/index.html,In stock (15 available),0,True,15,0
88c21fcd38e2486e,Books,19.19,19.19,0.0,Dark Notes,Erotica,https://books.toscrape.com/catalogue/dark-notes_800/index.html,In stock (15 available),0,True,15,0
3b9a3b4624b7fd6d,Books,19.43,19.43,0.0,"Daring Greatly: How the Courage to Be Vulnerable Transforms the Way We Live, Love, Parent, and Lead",Nonfiction,https://books.toscrape.com/catalogue/daring-greatly-how-the-courage-to-be-vulnerable-transforms-the-way-we-live-love-parent-and-lead_799/index.html,In stock (15 available),0,True,15,0
a57b1dcbd6849222,Books,49.46,49.46,0.0,Close to You,Christian Fiction,https://books.toscrape.com/catalogue/close-to-you_798/index.html,In stock (15 available),0,True,15,0
513271dadc1322ae,Books,37.8,37.8,0.0,Chasing Heaven: What Dying Taught Me About Living,Spirituality,https://books.toscrape.com/catalogue/chasing-heaven-what-dying-taught-me-about-living_797/index.html,In stock (15 available),0,True,15,0
1f329c2e7d7de8bd,Books,30.8,30.8,0.0,Big Magic: Creative Living Beyond Fear,Nonfiction,https://books.toscrape.com/catalogue/big-magic-creative-living-beyond-fear_796/index.html,In stock (15 available),0,True,15,0
919e7cb2269a25d2,Books,27.43,27.43,0.0,Becoming Wise: An Inquiry into the Mystery and Art of Living,Nonfiction,https://books.toscrape.com/catalogue/becoming-wise-an-inquiry-into-the-mystery-and-art-of-living_795/index.html,In stock (15 available),0,True,15,0
3f69e667a67e54d9,Books,11.11,11.11,0.0,Beauty Restored (Riley Family Legacy Novellas #3),Default,https://books.toscrape.com/catalogue/beauty-restored-riley-family-legacy-novellas-3_794/index.html,In stock (15 available),0,True,15,0
7edc0527cf782e19,Books,36.5,36.5,0.0,Batman: The Long Halloween (Batman),Sequential Art,https://books.toscrape.com/catalogue/batman-the-long-halloween-batman_793/index.html,In stock (15 available),0,True,15,0
47271d8e08b5d31c,Books,15.38,15.38,0.0,Batman: The Dark Knight Returns (Batman),Sequential Art,https://books.toscrape.com/catalogue/batman-the-dark-knight-returns-batman_792/index.html,In stock (15 available),0,True,15,0
05f7c6d9a4e582d3,Books,15.48,15.48,0.0,Ayumi's Violin,Default,https://books.toscrape.com/catalogue/ayumis-violin_791/index.html,In stock (15 available),0,True,15,0
d24b829be2ca81c4,Books,46.82,46.82,0.0,Anonymous,Default,https://books.toscrape.com/catalogue/anonymous_790/index.html,In stock (15 available),0,True,15,0
7ebfa6c1bee69e1e,Books,18.46,18.46,0.0,Amy Meets the Saints and Sages,Default,https://books.toscrape.com/catalogue/amy-meets-the-saints-and-sages_789/index.html,In stock (15 available),0,True,15,0
bb8245f52c7cce8f,Books,36.58,36.58,0.0,Amid the Chaos,Cultural,https://books.toscrape.com/catalogue/amid-the-chaos_788/index.html,In stock (15 available),0,True,15,0
ffd54178acc9a6a5,Books,50.54,50.54,0.0,Amatus,Default,https://books.toscrape.com/catalogue/amatus_787/index.html,In stock (15 available),0,True,15,0
d195e7f4ed697350,Books,12.51,12.51,0.0,Agnostic: A Spirited Manifesto,Nonfiction,https://books.toscrape.com/catalogue/agnostic-a-spirited-manifesto_786/index.html,In stock (15 available),0,True,15,0
dd5bfa6cc2c0ecc3,Books,24.7,24.7,0.0,Zealot: The Life and Times of Jesus of Nazareth,History,https://books.toscrape.com/catalogue/zealot-the-life-and-times-of-jesus-of-nazareth_785/index.html,In stock (14 available),0,True,14,0
024387ca4cafd5cc,Books,43.61,43.61,0.0,You (You #1),Thriller,https://books.toscrape.com/catalogue/you-you-1_784/index.html,In stock (14 available),0,True,14,0
047097293bb4d1c0,Books,37.34,37.34,0.0,"Wonder Woman: Earth One, Volume One (Wonder Woman: Earth One #1)",Sequential Art,https://books.toscrape.com/catalogue/wonder-woman-earth-one-volume-one-wonder-woman-earth-one-1_783/index.html,In stock (14 available),0,True,14,0
3fb15ace50d6142b,Books,14.36,14.36,0.0,Wild Swans,Young Adult,https://books.toscrape.com/catalogue/wild-swans_782/index.html,In stock (14 available),0,True,14,0
2b5054a4192e9b06,Books,52.65,52.65,0.0,Why the Right Went Wrong: Conservatism--From Goldwater to the Tea Party and Beyond,Politics,https://books.toscrape.com/catalogue/why-the-right-went-wrong-conservatism-from-goldwater-to-the-tea-party-and-beyond_781/index.html,In stock (14 available),0,True,14,0
44a10f1ac8ce822e,Books,38.2,38.2,0.0,Whole Lotta Creativity Going On: 60 Fun and Unusual Exercises to Awaken and Strengthen Your Creativity,Nonfiction,https://books.toscrape.com/catalogue/whole-lotta-creativity-going-on-60-fun-and-unusual-exercises-to-awaken-and-strengthen-your-creativity_780/index.html,In stock (14 available),0,True,14,0
6fd646a334e6e133,Books,19.6,19.6,0.0,What's It Like in Space?: Stories from Astronauts Who've Been There,Nonfiction,https://books.toscrape.com/catalogue/whats-it-like-in-space-stories-from-astronauts-whove-been-there_779/index.html,In stock (14 available),0,True,14,0
92275cedf6d8ee15,Books,53.9,53.9,0.0,"We Are Robin, Vol. 1: The Vigilante Business (We Are Robin #1)",Sequential Art,https://books.toscrape.com/catalogue/we-are-robin-vol-1-the-vigilante-business-we-are-robin-1_778/index.html,In stock (14 available),0,True,14,0
6a31307a81e8f3a8,Books,12.96,12.96,0.0,Walt Disney's Alice in Wonderland,Childrens,https://books.toscrape.com/catalogue/walt-disneys-alice-in-wonderland_777/index.html,In stock (14 available),0,True,14,0
4a1debca3135ff37,Books,37.1,37.1,0.0,V for Vendetta (V for Vendetta Complete),Default,https://books.toscrape.com/catalogue/v-for-vendetta-v-for-vendetta-complete_776/index.html,In stock (14 available),0,True,14,0
aba2db9afb1469c7,Books,46.31,46.31,0.0,Until Friday Night (The Field Party #1),Young Adult,https://books.toscrape.com/catalogue/until-friday-night-the-field-party-1_775/index.html,In stock (14 available),0,True,14,0
76c84daa539426e2,Books,45.95,45.95,0.0,"Unbroken: A World War II Story of Survival, Resilience, and Redemption",Default,https://books.toscrape.com/catalogue/unbroken-a-world-war-ii-story-of-survival-resilience-and-redemption_774/index.html,In stock (14 available),0,True,14,0
1d6443ffba9dfd80,Books,22.08,22.08,0.0,Twenty Yawns,Childrens,https://books.toscrape.com/catalogue/twenty-yawns_773/index.html,In stock (14 available),0,True,14,0
6e44bcbeac7f4360,Books,25.38,25.38,0.0,Through the Woods,Sequential Art,https://books.toscrape.com/catalogue/through-the-woods_772/index.html,In stock (14 available),0,True,14,0
f0f38174a7e689a3,Books,27.12,27.12,0.0,This Is Where It Ends,Young Adult,https://books.toscrape.com/catalogue/this-is-where-it-ends_771/index.html,In stock (14 available),0,True,14,0
34c0d7c4ee5650af,Books,43.04,43.04,0.0,The Year of Magical Thinking,Nonfiction,https://books.toscrape.com/catalogue/the-year-of-magical-thinking_770/index.html,In stock (14 available),0,True,14,0
08b2f71d93836313,Books,56.8,56.8,0.0,The Wright Brothers,Default,https://books.toscrape.com/catalogue/the-wright-brothers_769/index.html,In stock (14 available),0,True,14,0
6875c5657661b2fb,Books,25.91,25.91,0.0,The White Queen (The Cousins' War #1),Add a comment,https://books.toscrape.com/catalogue/the-white-queen-the-cousins-war-1_768/index.html,In stock (14 available),0,True,14,0
c5cb9f885d8b3621,Books,32.61,32.61,0.0,The Wedding Pact (The O'Malleys #2),Romance,https://books.toscrape.com/catalogue/the-wedding-pact-the-omalleys-2_767/index.html,In stock (14 available),0,True,14,0
e9906e2f0d189745,Books,27.88,27.88,0.0,The Time Keeper,Fiction,https://books.toscrape.com/catalogue/the-time-keeper_766/index.html,In stock (14 available),0,True,14,0
081305e6df719dff,Books,52.67,52.67,0.0,The Testament of Mary,Fiction,https://books.toscrape.com/catalogue/the-testament-of-mary_765/index.html,In stock (14 available),0,True,14,0
1528279aec1f3dce,Books,46.02,46.02,0.0,The Star-Touched Queen,Fantasy,https://books.toscrape.com/catalogue/the-star-touched-queen_764/index.html,In stock (14 available),0,True,14,0
00c4543ec6bd25b4,Books,44.48,44.48,0.0,The Songs of the Gods,Default,https://books.toscrape.com/catalogue/the-songs-of-the-gods_763/index.html,In stock (14 available),0,True,14,0
e88fb1c9397cfb27,Books,37.4,37.4,0.0,The Song of Achilles,Add a comment,https://books.toscrape.com/catalogue/the-song-of-achilles_762/index.html,In stock (14 available),0,True,14,0
012094e90a4b908d,Books,54.04,54.04,0.0,The Rosie Project (Don Tillman #1),Default,https://books.toscrape.com/catalogue/the-rosie-project-don-tillman-1_761/index.html,In stock (14 available),0,True,14,0
6bdd909329435e80,Books,16.88,16.88,0.0,The Power of Habit: Why We Do What We Do in Life and Business,Default,https://books.toscrape.com/catalogue/the-power-of-habit-why-we-do-what-we-do-in-life-and-business_760/index.html,In stock (14 available),0,True,14,0
52cf2a5933ec5d8f,Books,28.08,28.08,0.0,The Marriage of Opposites,Historical Fiction,https://books.toscrape.com/catalogue/the-marriage-of-opposites_759/index.html,In stock (14 available),0,True,14,0
4e812d32d64e2431,Books,10.4,10.4,0.0,The Lucifer Effect: Understanding How Good People Turn Evil,Psychology,https://books.toscrape.com/catalogue/the-lucifer-effect-understanding-how-good-people-turn-evil_758/index.html,In stock (14 available),0,True,14,0
f21effc079a2b38a,Books,44.07,44.07,0.0,The Long Haul (Diary of a Wimpy Kid #9),Humor,https://books.toscrape.com/catalogue/the-long-haul-diary-of-a-wimpy-kid-9_757/index.html,In stock (14 available),0,True,14,0
2d88a31f325dfd3b,Books,23.4,23.4,0.0,The Loney,Horror,https://books.toscrape.com/catalogue/the-loney_756/index.html,In stock (14 available),0,True,14,0
4881cc53f6c8892f,Books,17.43,17.43,0.0,The Literature Book (Big Ideas Simply Explained),Nonfiction,https://books.toscrape.com/catalogue/the-literature-book-big-ideas-simply-explained_755/index.html,In stock (14 available),0,True,14,0
3bc89353f7e3a3cc,Books,54.21,54.21,0.0,The Last Mile (Amos Decker #2),Mystery,https://books.toscrape.com/catalogue/the-last-mile-amos-decker-2_754/index.html,In stock (14 available),0,True,14,0
f72f61ad6a5f12ed,Books,40.67,40.67,0.0,The Immortal Life of Henrietta Lacks,Add a comment,https://books.toscrape.com/catalogue/the-immortal-life-of-henrietta-lacks_753/index.html,In stock (14 available),0,True,14,0
992974ba6a0536ea,Books,52.26,52.26,0.0,The Hidden Oracle (The Trials of Apollo #1),Fantasy,https://books.toscrape.com/catalogue/the-hidden-oracle-the-trials-of-apollo-1_752/index.html,In stock (14 available),0,True,14,0
ddc8340dabc8641b,Books,28.77,28.77,0.0,The Help Yourself Cookbook for Kids: 60 Easy Plant-Based Recipes Kids Can Make to Stay Healthy and Save the Earth,Food and Drink,https://books.toscrape.com/catalogue/the-help-yourself-cookbook-for-kids-60-easy-plant-based-recipes-kids-can-make-to-stay-healthy-and-save-the-earth_751/index.html,In stock (14 available),0,True,14,0
847935fc68707426,Books,13.82,13.82,0.0,The Guilty (Will Robie #4),Thriller,https://books.toscrape.com/catalogue/the-guilty-will-robie-4_750/index.html,In stock (14 available),0,True,14,0
a86972014275e072,Books,25.85,25.85,0.0,The First Hostage (J.B. Collins #2),Fiction,https://books.toscrape.com/catalogue/the-first-hostage-jb-collins-2_749/index.html,In stock (14 available),0,True,14,0
3d76bc83c6b644c9,Books,48.78,48.78,0.0,The Dovekeepers,Add a comment,https://books.toscrape.com/catalogue/the-dovekeepers_748/index.html,In stock (14 available),0,True,14,0
6edacfd1f8ebb9eb,Books,35.35,35.35,0.0,The Darkest Lie,Young Adult,https://books.toscrape.com/catalogue/the-darkest-lie_747/index.html,In stock (14 available),0,True,14,0
dc6f688b82e42a5b,Books,44.73,44.73,0.0,The Bane Chronicles (The Bane Chronicles #1-11),Fantasy,https://books.toscrape.com/catalogue/the-bane-chronicles-the-bane-chronicles-1-11_746/index.html,In stock (14 available),0,True,14,0
923831a05c9f91f7,Books,15.77,15.77,0.0,The Bad-Ass Librarians of Timbuktu: And Their Race to Save the World’s Most Precious Manuscripts,Nonfiction,https://books.toscrape.com/catalogue/the-bad-ass-librarians-of-timbuktu-and-their-race-to-save-the-worlds-most-precious-manuscripts_745/index.html,In stock (14 available),0,True,14,0
1b8187fa4bf6ab05,Books,39.24,39.24,0.0,The 14th Colony (Cotton Malone #11),Thriller,https://books.toscrape.com/catalogue/the-14th-colony-cotton-malone-11_744/index.html,In stock (14 available),0,True,14,0
0c7b9cf2b7662b65,Books,13.92,13.92,0.0,That Darkness (Gardiner and Renner #1),Mystery,https://books.toscrape.com/catalogue/that-darkness-gardiner-and-renner-1_743/index.html,In stock (14 available),0,True,14,0
2d1e337aaf341858,Books,10.69,10.69,0.0,Tastes Like Fear (DI Marnie Rome #3),Mystery,https://books.toscrape.com/catalogue/tastes-like-fear-di-marnie-rome-3_742/index.html,In stock (14 available),0,True,14,0
2c04320e110a14a3,Books,45.21,45.21,0.0,Take Me with You,Fiction,https://books.toscrape.com/catalogue/take-me-with-you_741/index.html,In stock (14 available),0,True,14,0
4c8b7540409da4ac,Books,45.58,45.58,0.0,Swell: A Year of Waves,Nonfiction,https://books.toscrape.com/catalogue/swell-a-year-of-waves_740/index.html,In stock (14 available),0,True,14,0
ac8e3949d284e9a9,Books,11.89,11.89,0.0,Superman Vol. 1: Before Truth (Superman by Gene Luen Yang #1),Sequential Art,https://books.toscrape.com/catalogue/superman-vol-1-before-truth-superman-by-gene-luen-yang-1_739/index.html,In stock (14 available),0,True,14,0
fe44cc816576c652,Books,26.41,26.41,0.0,Still Life with Bread Crumbs,Fiction,https://books.toscrape.com/catalogue/still-life-with-bread-crumbs_738/index.html,In stock (14 available),0,True,14,0
95019eac1c0a052f,Books,39.5,39.5,0.0,Steve Jobs,Default,https://books.toscrape.com/catalogue/steve-jobs_737/index.html,In stock (14 available),0,True,14,0
3edcccc4f341fb1a,Books,44.74,44.74,0.0,Sorting the Beef from the Bull: The Science of Food Fraud Forensics,Science,https://books.toscrape.com/catalogue/sorting-the-beef-from-the-bull-the-science-of-food-fraud-forensics_736/index.html,In stock (14 available),0,True,14,0
a278db6b2b09cf9f,Books,52.79,52.79,0.0,Someone Like You (The Harrisons #2),Contemporary,https://books.toscrape.com/catalogue/someone-like-you-the-harrisons-2_735/index.html,In stock (14 available),0,True,14,0
394f6d30cafc3edb,Books,35.43,35.43,0.0,"So Cute It Hurts!!, Vol. 6 (So Cute It Hurts!! #6)",Sequential Art,https://books.toscrape.com/catalogue/so-cute-it-hurts-vol-6-so-cute-it-hurts-6_734/index.html,In stock (14 available),0,True,14,0
830fb3967c74866d,Books,55.84,55.84,0.0,Shtum,Fiction,https://books.toscrape.com/catalogue/shtum_733/index.html,In stock (14 available),0,True,14,0
f9705c362f070608,Books,48.87,48.87,0.0,See America: A Celebration of Our National Parks & Treasured Sites,Travel,https://books.toscrape.com/catalogue/see-america-a-celebration-of-our-national-parks-treasured-sites_732/index.html,In stock (14 available),0,True,14,0
86cbddb61ea78bb7,Books,46.78,46.78,0.0,salt.,Poetry,https://books.toscrape.com/catalogue/salt_731/index.html,In stock (14 available),0,True,14,0
85b2176b3b194030,Books,47.82,47.82,0.0,Robin War,Sequential Art,https://books.toscrape.com/catalogue/robin-war_730/index.html,In stock (14 available),0,True,14,0
31e2e2d9cca3778f,Books,25.48,25.48,0.0,"Red Hood/Arsenal, Vol. 1: Open for Business (Red Hood/Arsenal #1)",Sequential Art,https://books.toscrape.com/catalogue/red-hoodarsenal-vol-1-open-for-business-red-hoodarsenal-1_729/index.html,In stock (14 available),0,True,14,0
a6454e329f872b78,Books,23.57,23.57,0.0,Rain Fish,Childrens,https://books.toscrape.com/catalogue/rain-fish_728/index.html,In stock (14 available),0,True,14,0
aa35446aab16017f,Books,50.89,50.89,0.0,"Quarter Life Poetry: Poems for the Young, Broke and Hangry",Poetry,https://books.toscrape.com/catalogue/quarter-life-poetry-poems-for-the-young-broke-and-hangry_727/index.html,In stock (14 available),0,True,14,0
af58a74e4b2a23a0,Books,10.56,10.56,0.0,Pet Sematary,Horror,https://books.toscrape.com/catalogue/pet-sematary_726/index.html,In stock (14 available),0,True,14,0
8ecf0356a3878811,Books,52.15,52.15,0.0,"Overload: How to Unplug, Unwind, and Unleash Yourself from the Pressure of Stress",Self Help,https://books.toscrape.com/catalogue/overload-how-to-unplug-unwind-and-unleash-yourself-from-the-pressure-of-stress_725/index.html,In stock (14 available),0,True,14,0
e34efcc824685332,Books,18.28,18.28,0.0,Once Was a Time,Childrens,https://books.toscrape.com/catalogue/once-was-a-time_724/index.html,In stock (14 available),0,True,14,0
02b74068fa98d8a4,Books,11.83,11.83,0.0,Old School (Diary of a Wimpy Kid #10),Humor,https://books.toscrape.com/catalogue/old-school-diary-of-a-wimpy-kid-10_723/index.html,In stock (14 available),0,True,14,0
132ec5e8c984adef,Books,21.95,21.95,0.0,No Dream Is Too High: Life Lessons From a Man Who Walked on the Moon,Nonfiction,https://books.toscrape.com/catalogue/no-dream-is-too-high-life-lessons-from-a-man-who-walked-on-the-moon_722/index.html,In stock (14 available),0,True,14,0
71e36f33981ddb74,Books,38.39,38.39,0.0,"Naruto (3-in-1 Edition), Vol. 14: Includes Vols. 40, 41 & 42 (Naruto: Omnibus #14)",Sequential Art,https://books.toscrape.com/catalogue/naruto-3-in-1-edition-vol-14-includes-vols-40-41-42-naruto-omnibus-14_721/index.html,In stock (14 available),0,True,14,0
727bf2b86b19ad88,Books,41.56,41.56,0.0,My Name Is Lucy Barton,Fiction,https://books.toscrape.com/catalogue/my-name-is-lucy-barton_720/index.html,In stock (14 available),0,True,14,0
cc82685d9f49bc2c,Books,24.48,24.48,0.0,My Mrs. Brown,Fiction,https://books.toscrape.com/catalogue/my-mrs-brown_719/index.html,In stock (14 available),0,True,14,0
137b0b2775701e11,Books,40.36,40.36,0.0,My Kind of Crazy,Young Adult,https://books.toscrape.com/catalogue/my-kind-of-crazy_718/index.html,In stock (14 available),0,True,14,0
caa2e5b3fb1b2d4c,Books,28.9,28.9,0.0,Mr. Mercedes (Bill Hodges Trilogy #1),Fiction,https://books.toscrape.com/catalogue/mr-mercedes-bill-hodges-trilogy-1_717/index.html,In stock (14 available),0,True,14,0
47d47155e89c8be7,Books,37.61,37.61,0.0,More Than Music (Chasing the Dream #1),Add a comment,https://books.toscrape.com/catalogue/more-than-music-chasing-the-dream-1_716/index.html,In stock (14 available),0,True,14,0
b96fc7a0ea7d4b45,Books,38.85,38.85,0.0,Made to Stick: Why Some Ideas Survive and Others Die,Business,https://books.toscrape.com/catalogue/made-to-stick-why-some-ideas-survive-and-others-die_715/index.html,In stock (14 available),0,True,14,0
5b43cae640f2338a,Books,53.95,53.95,0.0,Luis Paints the World,Childrens,https://books.toscrape.com/catalogue/luis-paints-the-world_714/index.html,In stock (14 available),0,True,14,0
d512871626a5e588,Books,49.83,49.83,0.0,Luckiest Girl Alive,Default,https://books.toscrape.com/catalogue/luckiest-girl-alive_713/index.html,In stock (14 available),0,True,14,0
a10c7515834240f3,Books,51.51,51.51,0.0,Lowriders to the Center of the Earth (Lowriders in Space #2),Sequential Art,https://books.toscrape.com/catalogue/lowriders-to-the-center-of-the-earth-lowriders-in-space-2_712/index.html,In stock (14 available),0,True,14,0
adb5f51c2e2ab13f,Books,18.03,18.03,0.0,Love Is a Mix Tape (Music #1),Music,https://books.toscrape.com/catalogue/love-is-a-mix-tape-music-1_711/index.html,In stock (14 available),0,True,14,0
24af96df0bafb925,Books,29.14,29.14,0.0,Looking for Lovely: Collecting the Moments that Matter,Nonfiction,https://books.toscrape.com/catalogue/looking-for-lovely-collecting-the-moments-that-matter_710/index.html,In stock (14 available),0,True,14,0
17fb5a88180f9904,Books,46.91,46.91,0.0,"Living Leadership by Insight: A Good Leader Achieves, a Great Leader Builds Monuments",Default,https://books.toscrape.com/catalogue/living-leadership-by-insight-a-good-leader-achieves-a-great-leader-builds-monuments_709/index.html,In stock (14 available),0,True,14,0
1174156c4a0eccaa,Books,26.79,26.79,0.0,Let It Out: A Journey Through Journaling,Nonfiction,https://books.toscrape.com/catalogue/let-it-out-a-journey-through-journaling_708/index.html,In stock (14 available),0,True,14,0
708345c9897fd7c5,Books,16.28,16.28,0.0,Lady Midnight (The Dark Artifices #1),Default,https://books.toscrape.com/catalogue/lady-midnight-the-dark-artifices-1_707/index.html,In stock (14 available),0,True,14,0
245e6bf08b8d2955,Books,19.55,19.55,0.0,"It's All Easy: Healthy, Delicious Weeknight Meals in under 30 Minutes",Food and Drink,https://books.toscrape.com/catalogue/its-all-easy-healthy-delicious-weeknight-meals-in-under-30-minutes_706/index.html,In stock (14 available),0,True,14,0
2b52334fab158861,Books,29.65,29.65,0.0,Island of Dragons (Unwanteds #7),Fantasy,https://books.toscrape.com/catalogue/island-of-dragons-unwanteds-7_705/index.html,In stock (14 available),0,True,14,0
b8a8ff84233f0570,Books,25.98,25.98,0.0,I Know What I'm Doing -- and Other Lies I Tell Myself: Dispatches from a Life Under Construction,Humor,https://books.toscrape.com/catalogue/i-know-what-im-doing-and-other-lies-i-tell-myself-dispatches-from-a-life-under-construction_704/index.html,In stock (14 available),0,True,14,0
aeff7b87a8e83ebb,Books,10.6,10.6,0.0,I Am Pilgrim (Pilgrim #1),Fiction,https://books.toscrape.com/catalogue/i-am-pilgrim-pilgrim-1_703/index.html,In stock (14 available),0,True,14,0
fbb21a2f71f4d981,Books,14.75,14.75,0.0,"Hyperbole and a Half: Unfortunate Situations, Flawed Coping Mechanisms, Mayhem, and Other Things That Happened",Humor,https://books.toscrape.com/catalogue/hyperbole-and-a-half-unfortunate-situations-flawed-coping-mechanisms-mayhem-and-other-things-that-happened_702/index.html,In stock (14 available),0,True,14,0
6b6cd77fbc91b7a6,Books,47.02,47.02,0.0,"Hush, Hush (Hush, Hush #1)",Default,https://books.toscrape.com/catalogue/hush-hush-hush-hush-1_701/index.html,In stock (14 available),0,True,14,0
0b165bd4b9f42fd5,Books,28.82,28.82,0.0,Hold Your Breath (Search and Rescue #1),Romance,https://books.toscrape.com/catalogue/hold-your-breath-search-and-rescue-1_700/index.html,In stock (14 available),0,True,14,0
afa829857f82f99e,Books,58.79,58.79,0.0,Hamilton: The Revolution,Nonfiction,https://books.toscrape.com/catalogue/hamilton-the-revolution_699/index.html,In stock (14 available),0,True,14,0
f201f263d8c23f97,Books,10.23,10.23,0.0,Greek Mythic History,Default,https://books.toscrape.com/catalogue/greek-mythic-history_698/index.html,In stock (14 available),0,True,14,0
eec424a84c9e4c68,Books,30.03,30.03,0.0,God: The Most Unpleasant Character in All Fiction,Religion,https://books.toscrape.com/catalogue/god-the-most-unpleasant-character-in-all-fiction_697/index.html,In stock (14 available),0,True,14,0
de4b403cb629a29f,Books,45.84,45.84,0.0,Glory over Everything: Beyond The Kitchen House,Historical Fiction,https://books.toscrape.com/catalogue/glory-over-everything-beyond-the-kitchen-house_696/index.html,In stock (14 available),0,True,14,0
9194ae88379dbf1a,Books,49.05,49.05,0.0,Feathers: Displays of Brilliant Plumage,Art,https://books.toscrape.com/catalogue/feathers-displays-of-brilliant-plumage_695/index.html,In stock (14 available),0,True,14,0
ac4dde0d1be05de0,Books,15.06,15.06,0.0,"Far & Away: Places on the Brink of Change: Seven Continents, Twenty-Five Years",Nonfiction,https://books.toscrape.com/catalogue/far-away-places-on-the-brink-of-change-seven-continents-twenty-five-years_694/index.html,In stock (14 available),0,True,14,0
a2bd4ca82d908442,Books,46.47,46.47,0.0,Every Last Word,Default,https://books.toscrape.com/catalogue/every-last-word_693/index.html,In stock (14 available),0,True,14,0
9eaf58b03a2779cc,Books,27.09,27.09,0.0,Eligible (The Austen Project #4),Fiction,https://books.toscrape.com/catalogue/eligible-the-austen-project-4_692/index.html,In stock (14 available),0,True,14,0
27c5968fe43cc06e,Books,57.62,57.62,0.0,El Deafo,Sequential Art,https://books.toscrape.com/catalogue/el-deafo_691/index.html,In stock (14 available),0,True,14,0
1d6dd0c87d90fe92,Books,14.39,14.39,0.0,Eight Hundred Grapes,Fiction,https://books.toscrape.com/catalogue/eight-hundred-grapes_690/index.html,In stock (14 available),0,True,14,0
a01f6d368ef64dc5,Books,51.75,51.75,0.0,"Eaternity: More than 150 Deliciously Easy Vegan Recipes for a Long, Healthy, Satisfied, Joyful Life",Nonfiction,https://books.toscrape.com/catalogue/eaternity-more-than-150-deliciously-easy-vegan-recipes-for-a-long-healthy-satisfied-joyful-life_689/index.html,In stock (14 available),0,True,14,0
047dfa57ba0bf638,Books,54.07,54.07,0.0,"Eat Fat, Get Thin",Health,https://books.toscrape.com/catalogue/eat-fat-get-thin_688/index.html,In stock (14 available),0,True,14,0
ad2887ce04583910,Books,55.35,55.35,0.0,Don't Get Caught,Young Adult,https://books.toscrape.com/catalogue/dont-get-caught_687/index.html,In stock (14 available),0,True,14,0
bf5de316a5e9a4ab,Books,40.12,40.12,0.0,Doctor Sleep (The Shining #2),Horror,https://books.toscrape.com/catalogue/doctor-sleep-the-shining-2_686/index.html,In stock (14 available),0,True,14,0
3c6fe637a0180b01,Books,37.51,37.51,0.0,Demigods & Magicians: Percy and Annabeth Meet the Kanes (Percy Jackson & Kane Chronicles Crossover #1-3),Fantasy,https://books.toscrape.com/catalogue/demigods-magicians-percy-and-annabeth-meet-the-kanes-percy-jackson-kane-chronicles-crossover-1-3_685/index.html,In stock (14 available),0,True,14,0
94a958ea126cdcd5,Books,11.21,11.21,0.0,Dear Mr. Knightley,Fiction,https://books.toscrape.com/catalogue/dear-mr-knightley_684/index.html,In stock (14 available),0,True,14,0
0e94a089328be4bc,Books,36.58,36.58,0.0,Daily Fantasy Sports,Default,https://books.toscrape.com/catalogue/daily-fantasy-sports_683/index.html,In stock (14 available),0,True,14,0
4b9d9cfe0f435788,Books,47.72,47.72,0.0,Crazy Love: Overwhelmed by a Relentless God,Christian,https://books.toscrape.com/catalogue/crazy-love-overwhelmed-by-a-relentless-god_682/index.html,In stock (14 available),0,True,14,0
28cf0d1c51b491e5,Books,25.01,25.01,0.0,Cometh the Hour (The Clifton Chronicles #6),Fiction,https://books.toscrape.com/catalogue/cometh-the-hour-the-clifton-chronicles-6_681/index.html,In stock (14 available),0,True,14,0
33a3e0e3ffde0dcd,Books,22.13,22.13,0.0,Code Name Verity (Code Name Verity #1),Add a comment,https://books.toscrape.com/catalogue/code-name-verity-code-name-verity-1_680/index.html,In stock (14 available),0,True,14,0
42b0c50fc44140ec,Books,44.14,44.14,0.0,Clockwork Angel (The Infernal Devices #1),Default,https://books.toscrape.com/catalogue/clockwork-angel-the-infernal-devices-1_679/index.html,In stock (14 available),0,True,14,0
966ebb738e0f9d9b,Books,56.02,56.02,0.0,City of Glass (The Mortal Instruments #3),Fantasy,https://books.toscrape.com/catalogue/city-of-glass-the-mortal-instruments-3_678/index.html,In stock (14 available),0,True,14,0
1e264c677d4ee4ae,Books,11.23,11.23,0.0,City of Fallen Angels (The Mortal Instruments #4),Default,https://books.toscrape.com/catalogue/city-of-fallen-angels-the-mortal-instruments-4_677/index.html,In stock (14 available),0,True,14,0
5b987e54ee72525c,Books,43.28,43.28,0.0,City of Bones (The Mortal Instruments #1),Default,https://books.toscrape.com/catalogue/city-of-bones-the-mortal-instruments-1_676/index.html,In stock (14 available),0,True,14,0
8a6ec2761f91dad2,Books,47.27,47.27,0.0,City of Ashes (The Mortal Instruments #2),Default,https://books.toscrape.com/catalogue/city-of-ashes-the-mortal-instruments-2_675/index.html,In stock (14 available),0,True,14,0
bfbb54bc8cdeed2b,Books,20.29,20.29,0.0,Cell,Add a comment,https://books.toscrape.com/catalogue/cell_674/index.html,In stock (14 available),0,True,14,0
e2e7b683b4c15b7d,Books,50.83,50.83,0.0,Catching Jordan (Hundred Oaks),Young Adult,https://books.toscrape.com/catalogue/catching-jordan-hundred-oaks_673/index.html,In stock (14 available),0,True,14,0
1b0fc9f777cad045,Books,31.85,31.85,0.0,"Carry On, Warrior: Thoughts on Life Unarmed",Default,https://books.toscrape.com/catalogue/carry-on-warrior-thoughts-on-life-unarmed_672/index.html,In stock (14 available),0,True,14,0
5f22418922fa728b,Books,46.23,46.23,0.0,Carrie,Default,https://books.toscrape.com/catalogue/carrie_671/index.html,In stock (14 available),0,True,14,0
16ef91b9d827859c,Books,37.8,37.8,0.0,Buying In: The Secret Dialogue Between What We Buy and Who We Are,Nonfiction,https://books.toscrape.com/catalogue/buying-in-the-secret-dialogue-between-what-we-buy-and-who-we-are_670/index.html,In stock (14 available),0,True,14,0
a80f66b254fe9eb3,Books,49.32,49.32,0.0,Brain on Fire: My Month of Madness,Nonfiction,https://books.toscrape.com/catalogue/brain-on-fire-my-month-of-madness_669/index.html,In stock (14 available),0,True,14,0
bf68dcb5fad3cc8c,Books,32.01,32.01,0.0,Batman: Europa,Sequential Art,https://books.toscrape.com/catalogue/batman-europa_668/index.html,In stock (14 available),0,True,14,0
999912e63a3262ae,Books,28.01,28.01,0.0,Barefoot Contessa Back to Basics,Food and Drink,https://books.toscrape.com/catalogue/barefoot-contessa-back-to-basics_667/index.html,In stock (14 available),0,True,14,0
0e0da9192a025efc,Books,50.62,50.62,0.0,Barefoot Contessa at Home: Everyday Recipes You'll Make Over and Over Again,Food and Drink,https://books.toscrape.com/catalogue/barefoot-contessa-at-home-everyday-recipes-youll-make-over-and-over-again_666/index.html,In stock (14 available),0,True,14,0
9b65f676984c9f0c,Books,17.03,17.03,0.0,Balloon Animals,Fiction,https://books.toscrape.com/catalogue/balloon-animals_665/index.html,In stock (14 available),0,True,14,0
ffdc825785c0ede8,Books,48.8,48.8,0.0,Art Ops Vol. 1,Sequential Art,https://books.toscrape.com/catalogue/art-ops-vol-1_664/index.html,In stock (14 available),0,True,14,0
41164b8ac02a2c42,Books,58.14,58.14,0.0,Aristotle and Dante Discover the Secrets of the Universe (Aristotle and Dante Discover the Secrets of the Universe #1),Young Adult,https://books.toscrape.com/catalogue/aristotle-and-dante-discover-the-secrets-of-the-universe-aristotle-and-dante-discover-the-secrets-of-the-universe-1_663/index.html,In stock (14 available),0,True,14,0
1fbb5f786e53a0ce,Books,34.2,34.2,0.0,Angels Walking (Angels Walking #1),Add a comment,https://books.toscrape.com/catalogue/angels-walking-angels-walking-1_662/index.html,In stock (14 available),0,True,14,0
ad41c24ccac0c7ce,Books,51.48,51.48,0.0,Angels & Demons (Robert Langdon #1),Default,https://books.toscrape.com/catalogue/angels-demons-robert-langdon-1_661/index.html,In stock (14 available),0,True,14,0
39861fc1c0845d15,Books,29.87,29.87,0.0,All the Light We Cannot See,Historical,https://books.toscrape.com/catalogue/all-the-light-we-cannot-see_660/index.html,In stock (14 available),0,True,14,0
5319169a72714c62,Books,10.9,10.9,0.0,"Adulthood Is a Myth: A ""Sarah's Scribbles"" Collection",Sequential Art,https://books.toscrape.com/catalogue/adulthood-is-a-myth-a-sarahs-scribbles-collection_659/index.html,In stock (14 available),0,True,14,0
cf1aa2fc02a7d1e0,Books,56.37,56.37,0.0,Abstract City,Nonfiction,https://books.toscrape.com/catalogue/abstract-city_658/index.html,In stock (14 available),0,True,14,0
4416c474713ec1f5,Books,48.35,48.35,0.0,A Time of Torment (Charlie Parker #14),Mystery,https://books.toscrape.com/catalogue/a-time-of-torment-charlie-parker-14_657/index.html,In stock (14 available),0,True,14,0
63ee5bc46066a8a8,Books,16.73,16.73,0.0,A Study in Scarlet (Sherlock Holmes #1),Mystery,https://books.toscrape.com/catalogue/a-study-in-scarlet-sherlock-holmes-1_656/index.html,In stock (14 available),0,True,14,0
c1379d3744f1dd2c,Books,56.48,56.48,0.0,"A Series of Catastrophes and Miracles: A True Story of Love, Science, and Cancer",Add a comment,https://books.toscrape.com/catalogue/a-series-of-catastrophes-and-miracles-a-true-story-of-love-science-and-cancer_655/index.html,In stock (14 available),0,True,14,0
1ad06aed9349af46,Books,40.79,40.79,0.0,A People's History of the United States,Add a comment,https://books.toscrape.com/catalogue/a-peoples-history-of-the-united-states_654/index.html,In stock (14 available),0,True,14,0
8682c03de6a844ff,Books,39.72,39.72,0.0,A Man Called Ove,Fiction,https://books.toscrape.com/catalogue/a-man-called-ove_653/index.html,In stock (14 available),0,True,14,0
d5e0526e1ab682a3,Books,14.58,14.58,0.0,A Distant Mirror: The Calamitous 14th Century,History,https://books.toscrape.com/catalogue/a-distant-mirror-the-calamitous-14th-century_652/index.html,In stock (14 available),0,True,14,0
01a177623cce9596,Books,55.51,55.51,0.0,A Brush of Wings (Angels Walking #3),Add a comment,https://books.toscrape.com/catalogue/a-brush-of-wings-angels-walking-3_651/index.html,In stock (14 available),0,True,14,0
6e8e5626ac4d279e,Books,21.8,21.8,0.0,1491: New Revelations of the Americas Before Columbus,History,https://books.toscrape.com/catalogue/1491-new-revelations-of-the-americas-before-columbus_650/index.html,In stock (14 available),0,True,14,0
ac5e0d3938caf686,Books,13.33,13.33,0.0,"The Three Searches, Meaning, and the Story",Default,https://books.toscrape.com/catalogue/the-three-searches-meaning-and-the-story_649/index.html,In stock (13 available),0,True,13,0
2f0213137a80d485,Books,38.73,38.73,0.0,Searching for Meaning in Gailana,Fantasy,https://books.toscrape.com/catalogue/searching-for-meaning-in-gailana_648/index.html,In stock (13 available),0,True,13,0
44d97b6707dae3f0,Books,37.86,37.86,0.0,Rook,Add a comment,https://books.toscrape.com/catalogue/rook_647/index.html,In stock (13 available),0,True,13,0
8bbd7df8a324f31d,Books,11.53,11.53,0.0,My Kitchen Year: 136 Recipes That Saved My Life,Food and Drink,https://books.toscrape.com/catalogue/my-kitchen-year-136-recipes-that-saved-my-life_646/index.html,In stock (13 available),0,True,13,0
4be9d1910f8a4e80,Books,27.06,27.06,0.0,13 Hours: The Inside Account of What Really Happened In Benghazi,Nonfiction,https://books.toscrape.com/catalogue/13-hours-the-inside-account-of-what-really-happened-in-benghazi_645/index.html,In stock (13 available),0,True,13,0
077b635ff2afc578,Books,13.86,13.86,0.0,Will You Won't You Want Me?,Womens Fiction,https://books.toscrape.com/catalogue/will-you-wont-you-want-me_644/index.html,In stock (12 available),0,True,12,0
148715df5a02ea5e,Books,37.55,37.55,0.0,Tipping Point for Planet Earth: How Close Are We to the Edge?,Science,https://books.toscrape.com/catalogue/tipping-point-for-planet-earth-how-close-are-we-to-the-edge_643/index.html,In stock (12 available),0,True,12,0
4a7a25be293ad678,Books,32.3,32.3,0.0,The Star-Touched Queen,Fantasy,https://books.toscrape.com/catalogue/the-star-touched-queen_642/index.html,In stock (12 available),0,True,12,0
ce1ae197ada2aec4,Books,46.29,46.29,0.0,The Silent Sister (Riley MacPherson #1),Fiction,https://books.toscrape.com/catalogue/the-silent-sister-riley-macpherson-1_641/index.html,In stock (12 available),0,True,12,0
14e44163678e24dc,Books,26.2,26.2,0.0,The Midnight Watch: A Novel of the Titanic and the Californian,Add a comment,https://books.toscrape.com/catalogue/the-midnight-watch-a-novel-of-the-titanic-and-the-californian_640/index.html,In stock (12 available),0,True,12,0
582a21a1dbbef3cf,Books,33.26,33.26,0.0,The Lonely City: Adventures in the Art of Being Alone,Nonfiction,https://books.toscrape.com/catalogue/the-lonely-city-adventures-in-the-art-of-being-alone_639/index.html,In stock (12 available),0,True,12,0
3063c7e95d0bf76f,Books,59.15,59.15,0.0,The Gray Rhino: How to Recognize and Act on the Obvious Dangers We Ignore,Add a comment,https://books.toscrape.com/catalogue/the-gray-rhino-how-to-recognize-and-act-on-the-obvious-dangers-we-ignore_638/index.html,In stock (12 available),0,True,12,0
235fa48eeed11d82,Books,39.43,39.43,0.0,The Golden Condom: And Other Essays on Love Lost and Found,Psychology,https://books.toscrape.com/catalogue/the-golden-condom-and-other-essays-on-love-lost-and-found_637/index.html,In stock (12 available),0,True,12,0
f732d7d18a91d2ba,Books,14.44,14.44,0.0,The Epidemic (The Program 0.6),Young Adult,https://books.toscrape.com/catalogue/the-epidemic-the-program-06_636/index.html,In stock (12 available),0,True,12,0
c6ca293d4810e0d5,Books,56.54,56.54,0.0,The Dinner Party,Fiction,https://books.toscrape.com/catalogue/the-dinner-party_635/index.html,In stock (12 available),0,True,12,0
54fc03f1e1d355db,Books,59.9,59.9,0.0,The Diary of a Young Girl,Nonfiction,https://books.toscrape.com/catalogue/the-diary-of-a-young-girl_634/index.html,In stock (12 available),0,True,12,0
64fd010bf8d15096,Books,11.88,11.88,0.0,The Children,Add a comment,https://books.toscrape.com/catalogue/the-children_633/index.html,In stock (12 available),0,True,12,0
b63ea3f7a57ae099,Books,48.05,48.05,0.0,Stars Above (The Lunar Chronicles #4.5),Young Adult,https://books.toscrape.com/catalogue/stars-above-the-lunar-chronicles-45_632/index.html,In stock (12 available),0,True,12,0
f40fea200e0c644f,Books,21.21,21.21,0.0,Snatched: How A Drug Queen Went Undercover for the DEA and Was Kidnapped By Colombian Guerillas,Nonfiction,https://books.toscrape.com/catalogue/snatched-how-a-drug-queen-went-undercover-for-the-dea-and-was-kidnapped-by-colombian-guerillas_631/index.html,In stock (12 available),0,True,12,0
ebf81a62e4798fd1,Books,49.67,49.67,0.0,Raspberry Pi Electronics Projects for the Evil Genius,Default,https://books.toscrape.com/catalogue/raspberry-pi-electronics-projects-for-the-evil-genius_630/index.html,In stock (12 available),0,True,12,0
8976d9161c027142,Books,43.14,43.14,0.0,Quench Your Own Thirst: Business Lessons Learned Over a Beer or Two,Business,https://books.toscrape.com/catalogue/quench-your-own-thirst-business-lessons-learned-over-a-beer-or-two_629/index.html,In stock (12 available),0,True,12,0
b8d7b3f5c7a95d65,Books,36.97,36.97,0.0,Psycho: Sanitarium (Psycho #1.5),Horror,https://books.toscrape.com/catalogue/psycho-sanitarium-psycho-15_628/index.html,In stock (12 available),0,True,12,0
abdd91e96515a617,Books,26.8,26.8,0.0,Poisonous (Max Revere Novels #3),Mystery,https://books.toscrape.com/catalogue/poisonous-max-revere-novels-3_627/index.html,In stock (12 available),0,True,12,0
81ef44fcc5f454df,Books,15.71,15.71,0.0,One with You (Crossfire #5),Add a comment,https://books.toscrape.com/catalogue/one-with-you-crossfire-5_626/index.html,In stock (12 available),0,True,12,0
db84624b151cbe06,Books,54.65,54.65,0.0,No Love Allowed (Dodge Cove #1),Young Adult,https://books.toscrape.com/catalogue/no-love-allowed-dodge-cove-1_625/index.html,In stock (12 available),0,True,12,0
e7fe3bf2768602cf,Books,54.36,54.36,0.0,Murder at the 42nd Street Library (Raymond Ambler #1),Mystery,https://books.toscrape.com/catalogue/murder-at-the-42nd-street-library-raymond-ambler-1_624/index.html,In stock (12 available),0,True,12,0
c039f5aceb093537,Books,35.28,35.28,0.0,Most Wanted,Mystery,https://books.toscrape.com/catalogue/most-wanted_623/index.html,In stock (12 available),0,True,12,0
9546d537fbf99eb6,Books,20.55,20.55,0.0,"Love, Lies and Spies",Historical Fiction,https://books.toscrape.com/catalogue/love-lies-and-spies_622/index.html,In stock (12 available),0,True,12,0
b978c9852cde91bd,Books,58.32,58.32,0.0,How to Speak Golf: An Illustrated Guide to Links Lingo,Default,https://books.toscrape.com/catalogue/how-to-speak-golf-an-illustrated-guide-to-links-lingo_621/index.html,In stock (12 available),0,True,12,0
bddc6fd036eb6279,Books,11.84,11.84,0.0,Hide Away (Eve Duncan #20),Mystery,https://books.toscrape.com/catalogue/hide-away-eve-duncan-20_620/index.html,In stock (12 available),0,True,12,0
c6a29d6df8de968c,Books,41.46,41.46,0.0,Furiously Happy: A Funny Book About Horrible Things,Nonfiction,https://books.toscrape.com/catalogue/furiously-happy-a-funny-book-about-horrible-things_619/index.html,In stock (12 available),0,True,12,0
76319fe9d8b465a3,Books,20.1,20.1,0.0,Everyday Italian: 125 Simple and Delicious Recipes,Food and Drink,https://books.toscrape.com/catalogue/everyday-italian-125-simple-and-delicious-recipes_618/index.html,In stock (12 available),0,True,12,0
3968e3fbf4695d7c,Books,56.86,56.86,0.0,Equal Is Unfair: America's Misguided Fight Against Income Inequality,Politics,https://books.toscrape.com/catalogue/equal-is-unfair-americas-misguided-fight-against-income-inequality_617/index.html,In stock (12 available),0,True,12,0
6983328f15506cb9,Books,56.51,56.51,0.0,Eleanor & Park,Default,https://books.toscrape.com/catalogue/eleanor-park_616/index.html,In stock (12 available),0,True,12,0
df7e628bad5782b4,Books,40.83,40.83,0.0,Dirty (Dive Bar #1),Romance,https://books.toscrape.com/catalogue/dirty-dive-bar-1_615/index.html,In stock (12 available),0,True,12,0
d069086944f2e330,Books,48.64,48.64,0.0,Can You Keep a Secret? (Fear Street Relaunch #4),Horror,https://books.toscrape.com/catalogue/can-you-keep-a-secret-fear-street-relaunch-4_614/index.html,In stock (12 available),0,True,12,0
49b24c6a41b82bd2,Books,59.48,59.48,0.0,Boar Island (Anna Pigeon #19),Mystery,https://books.toscrape.com/catalogue/boar-island-anna-pigeon-19_613/index.html,In stock (12 available),0,True,12,0
63343e287971bb0c,Books,39.01,39.01,0.0,A Paris Apartment,Historical Fiction,https://books.toscrape.com/catalogue/a-paris-apartment_612/index.html,In stock (12 available),0,True,12,0
a4eef523118805ef,Books,38.77,38.77,0.0,"A la Mode: 120 Recipes in 60 Pairings: Pies, Tarts, Cakes, Crisps, and More Topped with Ice Cream, Gelato, Frozen Custard, and More",Food and Drink,https://books.toscrape.com/catalogue/a-la-mode-120-recipes-in-60-pairings-pies-tarts-cakes-crisps-and-more-topped-with-ice-cream-gelato-frozen-custard-and-more_611/index.html,In stock (12 available),0,True,12,0
515cb8fcafb1ad98,Books,48.39,48.39,0.0,Troublemaker: Surviving Hollywood and Scientology,Default,https://books.toscrape.com/catalogue/troublemaker-surviving-hollywood-and-scientology_610/index.html,In stock (11 available),0,True,11,0
6159d8b187831770,Books,27.26,27.26,0.0,The Widow,Mystery,https://books.toscrape.com/catalogue/the-widow_609/index.html,In stock (11 available),0,True,11,0
985991708c47003e,Books,11.68,11.68,0.0,"The Sleep Revolution: Transforming Your Life, One Night at a Time",Nonfiction,https://books.toscrape.com/catalogue/the-sleep-revolution-transforming-your-life-one-night-at-a-time_608/index.html,In stock (11 available),0,True,11,0
437d8dea9272d0a9,Books,59.45,59.45,0.0,The Improbability of Love,Fiction,https://books.toscrape.com/catalogue/the-improbability-of-love_607/index.html,In stock (11 available),0,True,11,0
1c584f82a7a1c4f0,Books,21.0,21.0,0.0,The Art of Startup Fundraising,Business,https://books.toscrape.com/catalogue/the-art-of-startup-fundraising_606/index.html,In stock (11 available),0,True,11,0
cf62fa272b5f0fa3,Books,53.98,53.98,0.0,Take Me Home Tonight (Rock Star Romance #3),Romance,https://books.toscrape.com/catalogue/take-me-home-tonight-rock-star-romance-3_605/index.html,In stock (11 available),0,True,11,0
f435aa99d864077d,Books,48.74,48.74,0.0,Sleeping Giants (Themis Files #1),Science Fiction,https://books.toscrape.com/catalogue/sleeping-giants-themis-files-1_604/index.html,In stock (11 available),0,True,11,0
b06599b108e83f98,Books,21.15,21.15,0.0,"Setting the World on Fire: The Brief, Astonishing Life of St. Catherine of Siena",Biography,https://books.toscrape.com/catalogue/setting-the-world-on-fire-the-brief-astonishing-life-of-st-catherine-of-siena_603/index.html,In stock (11 available),0,True,11,0
05a61a3bd8ca4149,Books,13.71,13.71,0.0,Playing with Fire,Mystery,https://books.toscrape.com/catalogue/playing-with-fire_602/index.html,In stock (11 available),0,True,11,0
b783ce08802cd1d1,Books,47.67,47.67,0.0,Off the Hook (Fishing for Trouble #1),Romance,https://books.toscrape.com/catalogue/off-the-hook-fishing-for-trouble-1_601/index.html,In stock (11 available),0,True,11,0
47e1b2d43f709995,Books,13.34,13.34,0.0,Mothering Sunday,Fiction,https://books.toscrape.com/catalogue/mothering-sunday_600/index.html,In stock (11 available),0,True,11,0
28b2df9fadc9f07e,Books,16.89,16.89,0.0,"Mother, Can You Not?",Nonfiction,https://books.toscrape.com/catalogue/mother-can-you-not_599/index.html,In stock (11 available),0,True,11,0
5569c3fea112718e,Books,27.18,27.18,0.0,M Train,Autobiography,https://books.toscrape.com/catalogue/m-train_598/index.html,In stock (11 available),0,True,11,0
bade9943ee01b63f,Books,17.28,17.28,0.0,Lilac Girls,Historical Fiction,https://books.toscrape.com/catalogue/lilac-girls_597/index.html,In stock (11 available),0,True,11,0
469508882dfc1991,Books,45.14,45.14,0.0,Lies and Other Acts of Love,Fiction,https://books.toscrape.com/catalogue/lies-and-other-acts-of-love_596/index.html,In stock (11 available),0,True,11,0
825d6c44da3ca5a6,Books,40.85,40.85,0.0,Lab Girl,Autobiography,https://books.toscrape.com/catalogue/lab-girl_595/index.html,In stock (11 available),0,True,11,0
20dc4f1ac5d4fd9c,Books,20.46,20.46,0.0,Keep Me Posted,Womens Fiction,https://books.toscrape.com/catalogue/keep-me-posted_594/index.html,In stock (11 available),0,True,11,0
ce8666d9b42fc9a0,Books,56.27,56.27,0.0,It Didn't Start with You: How Inherited Family Trauma Shapes Who We Are and How to End the Cycle,Psychology,https://books.toscrape.com/catalogue/it-didnt-start-with-you-how-inherited-family-trauma-shapes-who-we-are-and-how-to-end-the-cycle_593/index.html,In stock (11 available),0,True,11,0
b5953ca1f8a0b8d7,Books,48.49,48.49,0.0,Grey (Fifty Shades #4),Womens Fiction,https://books.toscrape.com/catalogue/grey-fifty-shades-4_592/index.html,In stock (11 available),0,True,11,0
c65c25d990fc7025,Books,51.34,51.34,0.0,"Exit, Pursued by a Bear",Young Adult,https://books.toscrape.com/catalogue/exit-pursued-by-a-bear_591/index.html,In stock (11 available),0,True,11,0
f608c903c451f387,Books,16.34,16.34,0.0,Daredevils,Fiction,https://books.toscrape.com/catalogue/daredevils_590/index.html,In stock (11 available),0,True,11,0
2587c54f5530dafc,Books,20.5,20.5,0.0,Cravings: Recipes for What You Want to Eat,Food and Drink,https://books.toscrape.com/catalogue/cravings-recipes-for-what-you-want-to-eat_589/index.html,In stock (11 available),0,True,11,0
816180220e8cb419,Books,21.59,21.59,0.0,Born for This: How to Find the Work You Were Meant to Do,Business,https://books.toscrape.com/catalogue/born-for-this-how-to-find-the-work-you-were-meant-to-do_588/index.html,In stock (11 available),0,True,11,0
2c34f9432069b52b,Books,21.36,21.36,0.0,Arena,Science Fiction,https://books.toscrape.com/catalogue/arena_587/index.html,In stock (11 available),0,True,11,0
bb967277222e689c,Books,20.88,20.88,0.0,Adultery,Default,https://books.toscrape.com/catalogue/adultery_586/index.html,In stock (11 available),0,True,11,0
2b69dec0193511d9,Books,19.53,19.53,0.0,A Mother's Reckoning: Living in the Aftermath of Tragedy,Nonfiction,https://books.toscrape.com/catalogue/a-mothers-reckoning-living-in-the-aftermath-of-tragedy_585/index.html,In stock (11 available),0,True,11,0
40c4bf520c17de54,Books,14.75,14.75,0.0,A Gentleman's Position (Society of Gentlemen #3),Romance,https://books.toscrape.com/catalogue/a-gentlemans-position-society-of-gentlemen-3_584/index.html,In stock (11 available),0,True,11,0
a9d7b75461084a26,Books,48.48,48.48,0.0,11/22/63,Fiction,https://books.toscrape.com/catalogue/112263_583/index.html,In stock (11 available),0,True,11,0
34669b2e9d407d3a,Books,24.57,24.57,0.0,"10% Happier: How I Tamed the Voice in My Head, Reduced Stress Without Losing My Edge, and Found Self-Help That Actually Works",Nonfiction,https://books.toscrape.com/catalogue/10-happier-how-i-tamed-the-voice-in-my-head-reduced-stress-without-losing-my-edge-and-found-self-help-that-actually-works_582/index.html,In stock (10 available),0,True,10,0
96aa539bfd4c07e2,Books,49.71,49.71,0.0,10-Day Green Smoothie Cleanse: Lose Up to 15 Pounds in 10 Days!,Health,https://books.toscrape.com/catalogue/10-day-green-smoothie-cleanse-lose-up-to-15-pounds-in-10-days_581/index.html,In stock (10 available),0,True,10,0
ab60e6f5a63e1cfb,Books,48.27,48.27,0.0,Without Shame,Add a comment,https://books.toscrape.com/catalogue/without-shame_580/index.html,In stock (9 available),0,True,9,0
d1848064c54e01c7,Books,58.05,58.05,0.0,Watchmen,Add a comment,https://books.toscrape.com/catalogue/watchmen_579/index.html,In stock (9 available),0,True,9,0
4fd0a2a350f016e6,Books,58.87,58.87,0.0,Unlimited Intuition Now,Default,https://books.toscrape.com/catalogue/unlimited-intuition-now_578/index.html,In stock (9 available),0,True,9,0
0967effecd292a86,Books,11.82,11.82,0.0,Underlying Notes,Default,https://books.toscrape.com/catalogue/underlying-notes_577/index.html,In stock (9 available),0,True,9,0
903a9f8090104c2c,Books,28.03,28.03,0.0,The Shack,Fiction,https://books.toscrape.com/catalogue/the-shack_576/index.html,In stock (9 available),0,True,9,0
4b50fb1359ebf35d,Books,44.05,44.05,0.0,The New Brand You: Your New Image Makes the Sale for You,Default,https://books.toscrape.com/catalogue/the-new-brand-you-your-new-image-makes-the-sale-for-you_575/index.html,In stock (9 available),0,True,9,0
65cfc9f242c2984a,Books,12.34,12.34,0.0,"The Moosewood Cookbook: Recipes from Moosewood Restaurant, Ithaca, New York",Food and Drink,https://books.toscrape.com/catalogue/the-moosewood-cookbook-recipes-from-moosewood-restaurant-ithaca-new-york_574/index.html,In stock (9 available),0,True,9,0
33396269bcce166f,Books,16.68,16.68,0.0,The Flowers Lied,Default,https://books.toscrape.com/catalogue/the-flowers-lied_573/index.html,In stock (9 available),0,True,9,0
ca74f2e3c35a3e77,Books,55.91,55.91,0.0,"The Fabric of the Cosmos: Space, Time, and the Texture of Reality",Science,https://books.toscrape.com/catalogue/the-fabric-of-the-cosmos-space-time-and-the-texture-of-reality_572/index.html,In stock (9 available),0,True,9,0
3f25a2fedae191cc,Books,24.57,24.57,0.0,The Book of Mormon,Religion,https://books.toscrape.com/catalogue/the-book-of-mormon_571/index.html,In stock (9 available),0,True,9,0
f9c87ccb2bc4853b,Books,52.98,52.98,0.0,The Art and Science of Low Carbohydrate Living,Health,https://books.toscrape.com/catalogue/the-art-and-science-of-low-carbohydrate-living_570/index.html,In stock (9 available),0,True,9,0
e77594ece9b9d1fe,Books,54.4,54.4,0.0,The Alien Club,Young Adult,https://books.toscrape.com/catalogue/the-alien-club_569/index.html,In stock (9 available),0,True,9,0
0e095ed785af7e43,Books,54.81,54.81,0.0,Suzie Snowflake: One beautiful flake (a self-esteem story),Novels,https://books.toscrape.com/catalogue/suzie-snowflake-one-beautiful-flake-a-self-esteem-story_568/index.html,In stock (9 available),0,True,9,0
913e7109cec0cb4c,Books,25.08,25.08,0.0,Nap-a-Roo,Childrens,https://books.toscrape.com/catalogue/nap-a-roo_567/index.html,In stock (9 available),0,True,9,0
ee6c67859d70186b,Books,10.41,10.41,0.0,"NaNo What Now? Finding your editing process, revising your NaNoWriMo book and building a writing career through publishing and beyond",Default,https://books.toscrape.com/catalogue/nano-what-now-finding-your-editing-process-revising-your-nanowrimo-book-and-building-a-writing-career-through-publishing-and-beyond_566/index.html,In stock (9 available),0,True,9,0
6baac632f7711e26,Books,47.44,47.44,0.0,Modern Day Fables,Default,https://books.toscrape.com/catalogue/modern-day-fables_565/index.html,In stock (9 available),0,True,9,0
8fab4c4f6f82a4ce,Books,20.91,20.91,0.0,If I Gave You God's Phone Number....: Searching for Spirituality in America,Spirituality,https://books.toscrape.com/catalogue/if-i-gave-you-gods-phone-number-searching-for-spirituality-in-america_564/index.html,In stock (9 available),0,True,9,0
97187f5cf0385da3,Books,33.95,33.95,0.0,"Fruits Basket, Vol. 9 (Fruits Basket #9)",Sequential Art,https://books.toscrape.com/catalogue/fruits-basket-vol-9-fruits-basket-9_563/index.html,In stock (9 available),0,True,9,0
7e9068872228c474,Books,43.68,43.68,0.0,Dress Your Family in Corduroy and Denim,Humor,https://books.toscrape.com/catalogue/dress-your-family-in-corduroy-and-denim_562/index.html,In stock (9 available),0,True,9,0
e845d305f64154f1,Books,33.23,33.23,0.0,Don't Forget Steven,Young Adult,https://books.toscrape.com/catalogue/dont-forget-steven_561/index.html,In stock (9 available),0,True,9,0
7186241e043de5dc,Books,35.92,35.92,0.0,Chernobyl 01:23:40: The Incredible True Story of the World's Worst Nuclear Disaster,Nonfiction,https://books.toscrape.com/catalogue/chernobyl-012340-the-incredible-true-story-of-the-worlds-worst-nuclear-disaster_560/index.html,In stock (9 available),0,True,9,0
d6d9ffea95f2f8bf,Books,48.63,48.63,0.0,Art and Fear: Observations on the Perils (and Rewards) of Artmaking,Art,https://books.toscrape.com/catalogue/art-and-fear-observations-on-the-perils-and-rewards-of-artmaking_559/index.html,In stock (9 available),0,True,9,0
63d5f1651880dcea,Books,56.63,56.63,0.0,A Shard of Ice (The Black Symphony Saga #1),Fantasy,https://books.toscrape.com/catalogue/a-shard-of-ice-the-black-symphony-saga-1_558/index.html,In stock (9 available),0,True,9,0
c181ca8eabe7d18c,Books,50.49,50.49,0.0,A Hero's Curse (The Unseen Chronicles #1),Add a comment,https://books.toscrape.com/catalogue/a-heros-curse-the-unseen-chronicles-1_557/index.html,In stock (9 available),0,True,9,0
61cf7eb9d2cd8bb0,Books,35.79,35.79,0.0,23 Degrees South: A Tropical Tale of Changing Whether...,Add a comment,https://books.toscrape.com/catalogue/23-degrees-south-a-tropical-tale-of-changing-whether_556/index.html,In stock (9 available),0,True,9,0
e77033ce559947f7,Books,34.06,34.06,0.0,"Zero to One: Notes on Startups, or How to Build the Future",Nonfiction,https://books.toscrape.com/catalogue/zero-to-one-notes-on-startups-or-how-to-build-the-future_555/index.html,In stock (8 available),0,True,8,0
04f6c929888f4f11,Books,17.76,17.76,0.0,Why Not Me?,Nonfiction,https://books.toscrape.com/catalogue/why-not-me_554/index.html,In stock (8 available),0,True,8,0
b69c852e7e3956af,Books,39.36,39.36,0.0,When Breath Becomes Air,Nonfiction,https://books.toscrape.com/catalogue/when-breath-becomes-air_553/index.html,In stock (8 available),0,True,8,0
1809259a5a5f1d8d,Books,36.94,36.94,0.0,Vagabonding: An Uncommon Guide to the Art of Long-Term World Travel,Travel,https://books.toscrape.com/catalogue/vagabonding-an-uncommon-guide-to-the-art-of-long-term-world-travel_552/index.html,In stock (8 available),0,True,8,0
e0bdd79c7304ee8d,Books,43.62,43.62,0.0,The Unlikely Pilgrimage of Harold Fry (Harold Fry #1),Default,https://books.toscrape.com/catalogue/the-unlikely-pilgrimage-of-harold-fry-harold-fry-1_551/index.html,In stock (8 available),0,True,8,0
3eec766dda26fa64,Books,43.02,43.02,0.0,The New Drawing on the Right Side of the Brain,Art,https://books.toscrape.com/catalogue/the-new-drawing-on-the-right-side-of-the-brain_550/index.html,In stock (8 available),0,True,8,0
5a0d2e9284004266,Books,28.45,28.45,0.0,"The Midnight Assassin: Panic, Scandal, and the Hunt for America's First Serial Killer",Nonfiction,https://books.toscrape.com/catalogue/the-midnight-assassin-panic-scandal-and-the-hunt-for-americas-first-serial-killer_549/index.html,In stock (8 available),0,True,8,0
9afd00e81d6208e6,Books,41.39,41.39,0.0,The Martian (The Martian #1),Default,https://books.toscrape.com/catalogue/the-martian-the-martian-1_548/index.html,In stock (8 available),0,True,8,0
4f283dfcbeccc0d4,Books,51.15,51.15,0.0,The High Mountains of Portugal,Fiction,https://books.toscrape.com/catalogue/the-high-mountains-of-portugal_547/index.html,In stock (8 available),0,True,8,0
1bba4b1ba23ed2d6,Books,35.88,35.88,0.0,The Grownup,Short Stories,https://books.toscrape.com/catalogue/the-grownup_546/index.html,In stock (8 available),0,True,8,0
a2308a936e898d48,Books,36.91,36.91,0.0,The E-Myth Revisited: Why Most Small Businesses Don't Work and What to Do About It,Business,https://books.toscrape.com/catalogue/the-e-myth-revisited-why-most-small-businesses-dont-work-and-what-to-do-about-it_545/index.html,In stock (8 available),0,True,8,0
331c26103d885cae,Books,28.93,28.93,0.0,South of Sunshine,Young Adult,https://books.toscrape.com/catalogue/south-of-sunshine_544/index.html,In stock (8 available),0,True,8,0
a2475a245c9907c4,Books,38.89,38.89,0.0,Smarter Faster Better: The Secrets of Being Productive in Life and Business,Nonfiction,https://books.toscrape.com/catalogue/smarter-faster-better-the-secrets-of-being-productive-in-life-and-business_543/index.html,In stock (8 available),0,True,8,0
e46a164cf310fd7d,Books,58.33,58.33,0.0,Silence in the Dark (Logan Point #4),Suspense,https://books.toscrape.com/catalogue/silence-in-the-dark-logan-point-4_542/index.html,In stock (8 available),0,True,8,0
bee6e93e9976f4fa,Books,39.67,39.67,0.0,Shadows of the Past (Logan Point #1),Christian Fiction,https://books.toscrape.com/catalogue/shadows-of-the-past-logan-point-1_541/index.html,In stock (8 available),0,True,8,0
aeb51dfbe8aeec59,Books,14.1,14.1,0.0,Roller Girl,Sequential Art,https://books.toscrape.com/catalogue/roller-girl_540/index.html,In stock (8 available),0,True,8,0
52fc458ffc756faf,Books,21.82,21.82,0.0,Rising Strong,Nonfiction,https://books.toscrape.com/catalogue/rising-strong_539/index.html,In stock (8 available),0,True,8,0
d56d0710668bb39c,Books,54.21,54.21,0.0,Proofs of God: Classical Arguments from Tertullian to Barth,Philosophy,https://books.toscrape.com/catalogue/proofs-of-god-classical-arguments-from-tertullian-to-barth_538/index.html,In stock (8 available),0,True,8,0
4a823d80aa30dbb0,Books,31.19,31.19,0.0,Please Kill Me: The Uncensored Oral History of Punk,Music,https://books.toscrape.com/catalogue/please-kill-me-the-uncensored-oral-history-of-punk_537/index.html,In stock (8 available),0,True,8,0
c0fc0cd215ee1724,Books,53.64,53.64,0.0,Out of Print: City Lights Spotlight No. 14,Poetry,https://books.toscrape.com/catalogue/out-of-print-city-lights-spotlight-no-14_536/index.html,In stock (8 available),0,True,8,0
9a7291b89bd5445c,Books,36.39,36.39,0.0,My Life Next Door (My Life Next Door ),Young Adult,https://books.toscrape.com/catalogue/my-life-next-door-my-life-next-door_535/index.html,In stock (8 available),0,True,8,0
bff270fe9c86a5a9,Books,58.54,58.54,0.0,Miller's Valley,Fiction,https://books.toscrape.com/catalogue/millers-valley_534/index.html,In stock (8 available),0,True,8,0
4729afff3bea0f0a,Books,29.48,29.48,0.0,Man's Search for Meaning,Nonfiction,https://books.toscrape.com/catalogue/mans-search-for-meaning_533/index.html,In stock (8 available),0,True,8,0
4d3a4c7b442a9a4e,Books,25.06,25.06,0.0,"Love That Boy: What Two Presidents, Eight Road Trips, and My Son Taught Me About a Parent's Expectations",Nonfiction,https://books.toscrape.com/catalogue/love-that-boy-what-two-presidents-eight-road-trips-and-my-son-taught-me-about-a-parents-expectations_532/index.html,In stock (8 available),0,True,8,0
044534b0b28b4e87,Books,12.55,12.55,0.0,Living Forward: A Proven Plan to Stop Drifting and Get the Life You Want,Nonfiction,https://books.toscrape.com/catalogue/living-forward-a-proven-plan-to-stop-drifting-and-get-the-life-you-want_531/index.html,In stock (8 available),0,True,8,0
c44c5e1425475206,Books,29.04,29.04,0.0,Les Fleurs du Mal,Poetry,https://books.toscrape.com/catalogue/les-fleurs-du-mal_530/index.html,In stock (8 available),0,True,8,0
29af1a2566c4e36e,Books,40.72,40.72,0.0,Left Behind (Left Behind #1),Default,https://books.toscrape.com/catalogue/left-behind-left-behind-1_529/index.html,In stock (8 available),0,True,8,0
39eefec3a8498dde,Books,45.05,45.05,0.0,Kill 'Em and Leave: Searching for James Brown and the American Soul,Music,https://books.toscrape.com/catalogue/kill-em-and-leave-searching-for-james-brown-and-the-american-soul_528/index.html,In stock (8 available),0,True,8,0
0cf57cb49272fd37,Books,47.13,47.13,0.0,Kierkegaard: A Christian Missionary to Christians,Philosophy,https://books.toscrape.com/catalogue/kierkegaard-a-christian-missionary-to-christians_527/index.html,In stock (8 available),0,True,8,0
bd26e8a79a856c31,Books,20.22,20.22,0.0,John Vassos: Industrial Design for Modern Life,Default,https://books.toscrape.com/catalogue/john-vassos-industrial-design-for-modern-life_526/index.html,In stock (8 available),0,True,8,0
0ab4b35dcffcffd1,Books,56.48,56.48,0.0,I'll Give You the Sun,Default,https://books.toscrape.com/catalogue/ill-give-you-the-sun_525/index.html,In stock (8 available),0,True,8,0
bbf1ea50be8008ab,Books,44.21,44.21,0.0,I Will Find You,Nonfiction,https://books.toscrape.com/catalogue/i-will-find-you_524/index.html,In stock (8 available),0,True,8,0
0bfdef63285d3019,Books,21.96,21.96,0.0,Hystopia: A Novel,Fiction,https://books.toscrape.com/catalogue/hystopia-a-novel_523/index.html,In stock (8 available),0,True,8,0
b7870fa6dc088fbb,Books,40.45,40.45,0.0,Howl and Other Poems,Poetry,https://books.toscrape.com/catalogue/howl-and-other-poems_522/index.html,In stock (8 available),0,True,8,0
8a150fd8ff5d7686,Books,10.29,10.29,0.0,History of Beauty,Art,https://books.toscrape.com/catalogue/history-of-beauty_521/index.html,In stock (8 available),0,True,8,0
d48c1369927ebef1,Books,52.86,52.86,0.0,Heaven is for Real: A Little Boy's Astounding Story of His Trip to Heaven and Back,Default,https://books.toscrape.com/catalogue/heaven-is-for-real-a-little-boys-astounding-story-of-his-trip-to-heaven-and-back_520/index.html,In stock (8 available),0,True,8,0
df6a7c43faa6732b,Books,55.65,55.65,0.0,Future Shock (Future Shock #1),Young Adult,https://books.toscrape.com/catalogue/future-shock-future-shock-1_519/index.html,In stock (8 available),0,True,8,0
e049d44c4f1cf1b2,Books,43.64,43.64,0.0,Ender's Game (The Ender Quintet #1),Default,https://books.toscrape.com/catalogue/enders-game-the-ender-quintet-1_518/index.html,In stock (8 available),0,True,8,0
0c11e2d068768dbb,Books,28.41,28.41,0.0,Diary of a Citizen Scientist: Chasing Tiger Beetles and Other New Ways of Engaging the World,Science,https://books.toscrape.com/catalogue/diary-of-a-citizen-scientist-chasing-tiger-beetles-and-other-new-ways-of-engaging-the-world_517/index.html,In stock (8 available),0,True,8,0
4dbd54d9e36c9566,Books,37.51,37.51,0.0,Death by Leisure: A Cautionary Tale,Default,https://books.toscrape.com/catalogue/death-by-leisure-a-cautionary-tale_516/index.html,In stock (8 available),0,True,8,0
7f5157bf53065d36,Books,11.45,11.45,0.0,Brilliant Beacons: A History of the American Lighthouse,History,https://books.toscrape.com/catalogue/brilliant-beacons-a-history-of-the-american-lighthouse_515/index.html,In stock (8 available),0,True,8,0
77e9ea355bd8ae57,Books,19.22,19.22,0.0,Brazen: The Courage to Find the You That's Been Hiding,Nonfiction,https://books.toscrape.com/catalogue/brazen-the-courage-to-find-the-you-thats-been-hiding_514/index.html,In stock (8 available),0,True,8,0
04e3de7ac35ec5cd,Books,56.91,56.91,0.0,Between the World and Me,Nonfiction,https://books.toscrape.com/catalogue/between-the-world-and-me_513/index.html,In stock (8 available),0,True,8,0
15ebd83e53d0391b,Books,55.06,55.06,0.0,Being Mortal: Medicine and What Matters in the End,Nonfiction,https://books.toscrape.com/catalogue/being-mortal-medicine-and-what-matters-in-the-end_512/index.html,In stock (8 available),0,True,8,0
fef91502cbacf23a,Books,13.2,13.2,0.0,"A Murder Over a Girl: Justice, Gender, Junior High",Nonfiction,https://books.toscrape.com/catalogue/a-murder-over-a-girl-justice-gender-junior-high_511/index.html,In stock (8 available),0,True,8,0
b1a227b7609ff263,Books,53.63,53.63,0.0,32 Yolks,Food and Drink,https://books.toscrape.com/catalogue/32-yolks_510/index.html,In stock (8 available),0,True,8,0
f16c2edb2a603f92,Books,44.48,44.48,0.0,"""Most Blessed of the Patriarchs"": Thomas Jefferson and the Empire of the Imagination",History,https://books.toscrape.com/catalogue/most-blessed-of-the-patriarchs-thomas-jefferson-and-the-empire-of-the-imagination_509/index.html,In stock (8 available),0,True,8,0
88ec621893e595d0,Books,12.08,12.08,0.0,You Are a Badass: How to Stop Doubting Your Greatness and Start Living an Awesome Life,Self Help,https://books.toscrape.com/catalogue/you-are-a-badass-how-to-stop-doubting-your-greatness-and-start-living-an-awesome-life_508/index.html,In stock (7 available),0,True,7,0
b46d022080543144,Books,22.14,22.14,0.0,Wildlife of New York: A Five-Borough Coloring Book,Default,https://books.toscrape.com/catalogue/wildlife-of-new-york-a-five-borough-coloring-book_507/index.html,In stock (7 available),0,True,7,0
9735c969c652dd89,Books,25.37,25.37,0.0,What Happened on Beale Street (Secrets of the South Mysteries #2),Mystery,https://books.toscrape.com/catalogue/what-happened-on-beale-street-secrets-of-the-south-mysteries-2_506/index.html,In stock (7 available),0,True,7,0
48cb52d78c992487,Books,46.33,46.33,0.0,Unreasonable Hope: Finding Faith in the God Who Brings Purpose to Your Pain,Spirituality,https://books.toscrape.com/catalogue/unreasonable-hope-finding-faith-in-the-god-who-brings-purpose-to-your-pain_505/index.html,In stock (7 available),0,True,7,0
a94350ee74deaa07,Books,37.33,37.33,0.0,Under the Tuscan Sun,Travel,https://books.toscrape.com/catalogue/under-the-tuscan-sun_504/index.html,In stock (7 available),0,True,7,0
4242cc3d0437db12,Books,25.55,25.55,0.0,Toddlers Are A**holes: It's Not Your Fault,Humor,https://books.toscrape.com/catalogue/toddlers-are-aholes-its-not-your-fault_503/index.html,In stock (7 available),0,True,7,0
4a0b78598b42897a,Books,34.72,34.72,0.0,The Year of Living Biblically: One Man's Humble Quest to Follow the Bible as Literally as Possible,Default,https://books.toscrape.com/catalogue/the-year-of-living-biblically-one-mans-humble-quest-to-follow-the-bible-as-literally-as-possible_502/index.html,In stock (7 available),0,True,7,0
0ff9d10864db8364,Books,35.96,35.96,0.0,The Whale,Childrens,https://books.toscrape.com/catalogue/the-whale_501/index.html,In stock (7 available),0,True,7,0
9147c5251cc99eb1,Books,41.14,41.14,0.0,The Story of Art,Art,https://books.toscrape.com/catalogue/the-story-of-art_500/index.html,In stock (7 available),0,True,7,0
0345872b14f9e774,Books,10.01,10.01,0.0,The Origin of Species,Science,https://books.toscrape.com/catalogue/the-origin-of-species_499/index.html,In stock (7 available),0,True,7,0
a8dbf1c6b41b885a,Books,36.05,36.05,0.0,The Great Gatsby,Default,https://books.toscrape.com/catalogue/the-great-gatsby_498/index.html,In stock (7 available),0,True,7,0
f935412970c9f58f,Books,49.03,49.03,0.0,The Good Girl,Default,https://books.toscrape.com/catalogue/the-good-girl_497/index.html,In stock (7 available),0,True,7,0
47f4fd3e8e1dac05,Books,16.24,16.24,0.0,The Glass Castle,Add a comment,https://books.toscrape.com/catalogue/the-glass-castle_496/index.html,In stock (7 available),0,True,7,0
57f85720e54d6442,Books,39.55,39.55,0.0,The Faith of Christopher Hitchens: The Restless Soul of the World's Most Notorious Atheist,Biography,https://books.toscrape.com/catalogue/the-faith-of-christopher-hitchens-the-restless-soul-of-the-worlds-most-notorious-atheist_495/index.html,In stock (7 available),0,True,7,0
7a10353c9c54cf7c,Books,35.67,35.67,0.0,The Drowning Girls,Add a comment,https://books.toscrape.com/catalogue/the-drowning-girls_494/index.html,In stock (7 available),0,True,7,0
24933c712f0bca2f,Books,16.62,16.62,0.0,The Constant Princess (The Tudor Court #1),Historical Fiction,https://books.toscrape.com/catalogue/the-constant-princess-the-tudor-court-1_493/index.html,In stock (7 available),0,True,7,0
d250657f0ebc5d73,Books,42.78,42.78,0.0,The Bourne Identity (Jason Bourne #1),Fiction,https://books.toscrape.com/catalogue/the-bourne-identity-jason-bourne-1_492/index.html,In stock (7 available),0,True,7,0
20789fb17b423c4c,Books,52.3,52.3,0.0,The Bachelor Girl's Guide to Murder (Herringford and Watts Mysteries #1),Mystery,https://books.toscrape.com/catalogue/the-bachelor-girls-guide-to-murder-herringford-and-watts-mysteries-1_491/index.html,In stock (7 available),0,True,7,0
4b8fa561a1e52d1c,Books,32.34,32.34,0.0,The Art Book,Art,https://books.toscrape.com/catalogue/the-art-book_490/index.html,In stock (7 available),0,True,7,0
5fbd03b1ac0a0e69,Books,33.17,33.17,0.0,The 7 Habits of Highly Effective People: Powerful Lessons in Personal Change,Default,https://books.toscrape.com/catalogue/the-7-habits-of-highly-effective-people-powerful-lessons-in-personal-change_489/index.html,In stock (7 available),0,True,7,0
ba047a636b7d3793,Books,20.12,20.12,0.0,Team of Rivals: The Political Genius of Abraham Lincoln,Add a comment,https://books.toscrape.com/catalogue/team-of-rivals-the-political-genius-of-abraham-lincoln_488/index.html,In stock (7 available),0,True,7,0
8776181be110838a,Books,20.9,20.9,0.0,Steal Like an Artist: 10 Things Nobody Told You About Being Creative,Default,https://books.toscrape.com/catalogue/steal-like-an-artist-10-things-nobody-told-you-about-being-creative_487/index.html,In stock (7 available),0,True,7,0
bd087cf6a846db75,Books,20.9,20.9,0.0,"Sit, Stay, Love",Romance,https://books.toscrape.com/catalogue/sit-stay-love_486/index.html,In stock (7 available),0,True,7,0
7ffebdd1d5148aef,Books,40.2,40.2,0.0,Sister Dear,Fiction,https://books.toscrape.com/catalogue/sister-dear_485/index.html,In stock (7 available),0,True,7,0
9639e89d20228e6e,Books,52.87,52.87,0.0,"Shrunken Treasures: Literary Classics, Short, Sweet, and Silly",Childrens,https://books.toscrape.com/catalogue/shrunken-treasures-literary-classics-short-sweet-and-silly_484/index.html,In stock (7 available),0,True,7,0
8486f61aa81a3daa,Books,51.74,51.74,0.0,"Rich Dad, Poor Dad",Business,https://books.toscrape.com/catalogue/rich-dad-poor-dad_483/index.html,In stock (7 available),0,True,7,0
31c56c4d0fe19340,Books,34.41,34.41,0.0,Raymie Nightingale,Childrens,https://books.toscrape.com/catalogue/raymie-nightingale_482/index.html,In stock (7 available),0,True,7,0
68008abf6409dfde,Books,32.38,32.38,0.0,Playing from the Heart,Childrens,https://books.toscrape.com/catalogue/playing-from-the-heart_481/index.html,In stock (7 available),0,True,7,0
746029796363aa51,Books,50.35,50.35,0.0,Nightstruck: A Novel,Young Adult,https://books.toscrape.com/catalogue/nightstruck-a-novel_480/index.html,In stock (7 available),0,True,7,0
924438fc6cbec836,Books,11.38,11.38,0.0,"Naturally Lean: 125 Nourishing Gluten-Free, Plant-Based Recipes--All Under 300 Calories",Food and Drink,https://books.toscrape.com/catalogue/naturally-lean-125-nourishing-gluten-free-plant-based-recipes-all-under-300-calories_479/index.html,In stock (7 available),0,True,7,0
725cd8d23d78cdca,Books,43.58,43.58,0.0,Meternity,Womens Fiction,https://books.toscrape.com/catalogue/meternity_478/index.html,In stock (7 available),0,True,7,0
dac4b5847454fd9b,Books,49.67,49.67,0.0,Memoirs of a Geisha,Fiction,https://books.toscrape.com/catalogue/memoirs-of-a-geisha_477/index.html,In stock (7 available),0,True,7,0
b6670507e85b30e6,Books,28.77,28.77,0.0,Like Never Before (Walker Family #2),Christian Fiction,https://books.toscrape.com/catalogue/like-never-before-walker-family-2_476/index.html,In stock (7 available),0,True,7,0
40cdcbb7692fd408,Books,13.22,13.22,0.0,Life of Pi,Default,https://books.toscrape.com/catalogue/life-of-pi_475/index.html,In stock (7 available),0,True,7,0
b74ee891e2a6dd69,Books,51.17,51.17,0.0,Leave This Song Behind: Teen Poetry at Its Best,Poetry,https://books.toscrape.com/catalogue/leave-this-song-behind-teen-poetry-at-its-best_474/index.html,In stock (7 available),0,True,7,0
4c82371b8cd02d4d,Books,39.61,39.61,0.0,King's Folly (The Kinsman Chronicles #1),Fantasy,https://books.toscrape.com/catalogue/kings-folly-the-kinsman-chronicles-1_473/index.html,In stock (7 available),0,True,7,0
68407606544d6f22,Books,57.43,57.43,0.0,John Adams,Add a comment,https://books.toscrape.com/catalogue/john-adams_472/index.html,In stock (7 available),0,True,7,0
2a9fcb3382d351c8,Books,46.01,46.01,0.0,How to Cook Everything Vegetarian: Simple Meatless Recipes for Great Food (How to Cook Everything),Food and Drink,https://books.toscrape.com/catalogue/how-to-cook-everything-vegetarian-simple-meatless-recipes-for-great-food-how-to-cook-everything_471/index.html,In stock (7 available),0,True,7,0
eff5710404e2ff78,Books,28.25,28.25,0.0,How to Be a Domestic Goddess: Baking and the Art of Comfort Cooking,Food and Drink,https://books.toscrape.com/catalogue/how-to-be-a-domestic-goddess-baking-and-the-art-of-comfort-cooking_470/index.html,In stock (7 available),0,True,7,0
c00bc29a678a6efb,Books,37.05,37.05,0.0,Good in Bed (Cannie Shapiro #1),Add a comment,https://books.toscrape.com/catalogue/good-in-bed-cannie-shapiro-1_469/index.html,In stock (7 available),0,True,7,0
de6d7645f192d517,Books,19.57,19.57,0.0,"Fruits Basket, Vol. 7 (Fruits Basket #7)",Sequential Art,https://books.toscrape.com/catalogue/fruits-basket-vol-7-fruits-basket-7_468/index.html,In stock (7 available),0,True,7,0
2e40333991f56f45,Books,45.13,45.13,0.0,For the Love: Fighting for Grace in a World of Impossible Standards,Nonfiction,https://books.toscrape.com/catalogue/for-the-love-fighting-for-grace-in-a-world-of-impossible-standards_467/index.html,In stock (7 available),0,True,7,0
4e78f06160b717ac,Books,46.64,46.64,0.0,Finding God in the Ruins: How God Redeems Pain,Nonfiction,https://books.toscrape.com/catalogue/finding-god-in-the-ruins-how-god-redeems-pain_466/index.html,In stock (7 available),0,True,7,0
4fa75fc6829431ca,Books,12.16,12.16,0.0,Every Heart a Doorway (Every Heart A Doorway #1),Fantasy,https://books.toscrape.com/catalogue/every-heart-a-doorway-every-heart-a-doorway-1_465/index.html,In stock (7 available),0,True,7,0
4e980425468708da,Books,20.89,20.89,0.0,Delivering the Truth (Quaker Midwife Mystery #1),Mystery,https://books.toscrape.com/catalogue/delivering-the-truth-quaker-midwife-mystery-1_464/index.html,In stock (7 available),0,True,7,0
4807043b8218e9ce,Books,17.97,17.97,0.0,Counted With the Stars (Out from Egypt #1),Christian Fiction,https://books.toscrape.com/catalogue/counted-with-the-stars-out-from-egypt-1_463/index.html,In stock (7 available),0,True,7,0
4781b6bfd6f7a2c5,Books,52.6,52.6,0.0,"Chronicles, Vol. 1",Music,https://books.toscrape.com/catalogue/chronicles-vol-1_462/index.html,In stock (7 available),0,True,7,0
a322361a37a78d3d,Books,25.77,25.77,0.0,Blue Like Jazz: Nonreligious Thoughts on Christian Spirituality,Christian,https://books.toscrape.com/catalogue/blue-like-jazz-nonreligious-thoughts-on-christian-spirituality_461/index.html,In stock (7 available),0,True,7,0
5b546a46a86a9d8c,Books,48.19,48.19,0.0,Benjamin Franklin: An American Life,Biography,https://books.toscrape.com/catalogue/benjamin-franklin-an-american-life_460/index.html,In stock (7 available),0,True,7,0
6b52904b2ab91bf6,Books,29.93,29.93,0.0,"At The Existentialist Café: Freedom, Being, and apricot cocktails with: Jean-Paul Sartre, Simone de Beauvoir, Albert Camus, Martin Heidegger, Edmund Husserl, Karl Jaspers, Maurice Merleau-Ponty and others",Philosophy,https://books.toscrape.com/catalogue/at-the-existentialist-cafe-freedom-being-and-apricot-cocktails-with-jean-paul-sartre-simone-de-beauvoir-albert-camus-martin-heidegger-edmund-husserl-karl-jaspers-maurice-merleau-ponty-and-others_459/index.html,In stock (7 available),0,True,7,0
cc1936a9f4e93477,Books,44.34,44.34,0.0,A Summer In Europe,Travel,https://books.toscrape.com/catalogue/a-summer-in-europe_458/index.html,In stock (7 available),0,True,7,0
6c7fa6844380f50a,Books,52.4,52.4,0.0,A Short History of Nearly Everything,History,https://books.toscrape.com/catalogue/a-short-history-of-nearly-everything_457/index.html,In stock (7 available),0,True,7,0
d1378a0ad06ff979,Books,44.81,44.81,0.0,A Gathering of Shadows (Shades of Magic #2),Fantasy,https://books.toscrape.com/catalogue/a-gathering-of-shadows-shades-of-magic-2_456/index.html,In stock (7 available),0,True,7,0
5ba3d703d1ae0c1d,Books,57.84,57.84,0.0,The Sound Of Love,Default,https://books.toscrape.com/catalogue/the-sound-of-love_455/index.html,In stock (6 available),0,True,6,0
774fa432bd7d9c47,Books,39.67,39.67,0.0,The Rise and Fall of the Third Reich: A History of Nazi Germany,History,https://books.toscrape.com/catalogue/the-rise-and-fall-of-the-third-reich-a-history-of-nazi-germany_454/index.html,In stock (6 available),0,True,6,0
fd364afd082f5446,Books,55.02,55.02,0.0,The Perks of Being a Wallflower,Default,https://books.toscrape.com/catalogue/the-perks-of-being-a-wallflower_453/index.html,In stock (6 available),0,True,6,0
2da5edf8b5776c9a,Books,24.8,24.8,0.0,The Mysterious Affair at Styles (Hercule Poirot #1),Mystery,https://books.toscrape.com/catalogue/the-mysterious-affair-at-styles-hercule-poirot-1_452/index.html,In stock (6 available),0,True,6,0
60376aa71be66083,Books,59.45,59.45,0.0,The Man Who Mistook His Wife for a Hat and Other Clinical Tales,Nonfiction,https://books.toscrape.com/catalogue/the-man-who-mistook-his-wife-for-a-hat-and-other-clinical-tales_451/index.html,In stock (6 available),0,True,6,0
2efa5a839e62b1bd,Books,31.58,31.58,0.0,The Makings of a Fatherless Child,Default,https://books.toscrape.com/catalogue/the-makings-of-a-fatherless-child_450/index.html,In stock (6 available),0,True,6,0
d326e189b1210916,Books,43.27,43.27,0.0,The Joy of Cooking,Add a comment,https://books.toscrape.com/catalogue/the-joy-of-cooking_449/index.html,In stock (6 available),0,True,6,0
e6635f5b0a2c78db,Books,37.34,37.34,0.0,The Invention of Wings,Historical Fiction,https://books.toscrape.com/catalogue/the-invention-of-wings_448/index.html,In stock (6 available),0,True,6,0
72b5355dda190b6a,Books,17.8,17.8,0.0,The Hobbit (Middle-Earth Universe),Default,https://books.toscrape.com/catalogue/the-hobbit-middle-earth-universe_447/index.html,In stock (6 available),0,True,6,0
48736df57e7bec9f,Books,30.54,30.54,0.0,The Great Railway Bazaar,Travel,https://books.toscrape.com/catalogue/the-great-railway-bazaar_446/index.html,In stock (6 available),0,True,6,0
d33824cb93ecab6f,Books,18.77,18.77,0.0,The Golden Compass (His Dark Materials #1),Add a comment,https://books.toscrape.com/catalogue/the-golden-compass-his-dark-materials-1_445/index.html,In stock (6 available),0,True,6,0
2bc80eba94950873,Books,46.85,46.85,0.0,The God Delusion,Add a comment,https://books.toscrape.com/catalogue/the-god-delusion_444/index.html,In stock (6 available),0,True,6,0
eb7459e0c570251d,Books,15.79,15.79,0.0,The Girl You Left Behind (The Girl You Left Behind #1),Historical,https://books.toscrape.com/catalogue/the-girl-you-left-behind-the-girl-you-left-behind-1_443/index.html,In stock (6 available),0,True,6,0
cb17945cb90b7837,Books,10.27,10.27,0.0,The Fellowship of the Ring (The Lord of the Rings #1),Default,https://books.toscrape.com/catalogue/the-fellowship-of-the-ring-the-lord-of-the-rings-1_442/index.html,In stock (6 available),0,True,6,0
3d250ab0f12be445,Books,15.42,15.42,0.0,The Collected Poems of W.B. Yeats (The Collected Works of W.B. Yeats #1),Poetry,https://books.toscrape.com/catalogue/the-collected-poems-of-wb-yeats-the-collected-works-of-wb-yeats-1_441/index.html,In stock (6 available),0,True,6,0
6478ccb4416e6a5d,Books,59.92,59.92,0.0,The Barefoot Contessa Cookbook,Food and Drink,https://books.toscrape.com/catalogue/the-barefoot-contessa-cookbook_440/index.html,In stock (6 available),0,True,6,0
2a1b3d967cda1da2,Books,50.96,50.96,0.0,Tell the Wolves I'm Home,Young Adult,https://books.toscrape.com/catalogue/tell-the-wolves-im-home_439/index.html,In stock (6 available),0,True,6,0
8d8e9f9b8730eb25,Books,30.6,30.6,0.0,Ship Leaves Harbor: Essays on Travel by a Recovering Journeyman,Default,https://books.toscrape.com/catalogue/ship-leaves-harbor-essays-on-travel-by-a-recovering-journeyman_438/index.html,In stock (6 available),0,True,6,0
720c36b2bee4692e,Books,19.27,19.27,0.0,Pride and Prejudice,Add a comment,https://books.toscrape.com/catalogue/pride-and-prejudice_437/index.html,In stock (6 available),0,True,6,0
6d235933670503d9,Books,46.58,46.58,0.0,Musicophilia: Tales of Music and the Brain,Default,https://books.toscrape.com/catalogue/musicophilia-tales-of-music-and-the-brain_436/index.html,In stock (6 available),0,True,6,0
f38f37ed934d84b2,Books,48.51,48.51,0.0,Mere Christianity,Add a comment,https://books.toscrape.com/catalogue/mere-christianity_435/index.html,In stock (6 available),0,True,6,0
7a2b51f69e81c722,Books,19.02,19.02,0.0,Me Before You (Me Before You #1),Fiction,https://books.toscrape.com/catalogue/me-before-you-me-before-you-1_434/index.html,In stock (6 available),0,True,6,0
6958de044cb28a84,Books,38.38,38.38,0.0,In the Woods (Dublin Murder Squad #1),Mystery,https://books.toscrape.com/catalogue/in-the-woods-dublin-murder-squad-1_433/index.html,In stock (6 available),0,True,6,0
fe0f34ebed689381,Books,49.98,49.98,0.0,In Cold Blood,Nonfiction,https://books.toscrape.com/catalogue/in-cold-blood_432/index.html,In stock (6 available),0,True,6,0
e792c0969cefe1b8,Books,46.49,46.49,0.0,How to Stop Worrying and Start Living,Self Help,https://books.toscrape.com/catalogue/how-to-stop-worrying-and-start-living_431/index.html,In stock (6 available),0,True,6,0
012170e4fc87ace0,Books,18.32,18.32,0.0,Give It Back,Thriller,https://books.toscrape.com/catalogue/give-it-back_430/index.html,In stock (6 available),0,True,6,0
384c7d41d5ffe9d1,Books,42.14,42.14,0.0,"Girl, Interrupted",Nonfiction,https://books.toscrape.com/catalogue/girl-interrupted_429/index.html,In stock (6 available),0,True,6,0
56a34d0cec11d6b0,Books,56.59,56.59,0.0,Fun Home: A Family Tragicomic,Add a comment,https://books.toscrape.com/catalogue/fun-home-a-family-tragicomic_428/index.html,In stock (6 available),0,True,6,0
97258f576d4bb672,Books,20.96,20.96,0.0,"Fruits Basket, Vol. 6 (Fruits Basket #6)",Sequential Art,https://books.toscrape.com/catalogue/fruits-basket-vol-6-fruits-basket-6_427/index.html,In stock (6 available),0,True,6,0
4e3b183180e2a992,Books,40.32,40.32,0.0,Deception Point,Fiction,https://books.toscrape.com/catalogue/deception-point_426/index.html,In stock (6 available),0,True,6,0
6e06d0f00f6da20f,Books,36.39,36.39,0.0,"Death Note, Vol. 6: Give-and-Take (Death Note #6)",Sequential Art,https://books.toscrape.com/catalogue/death-note-vol-6-give-and-take-death-note-6_425/index.html,In stock (6 available),0,True,6,0
f3c70d296ec796c4,Books,58.55,58.55,0.0,Catherine the Great: Portrait of a Woman,History,https://books.toscrape.com/catalogue/catherine-the-great-portrait-of-a-woman_424/index.html,In stock (6 available),0,True,6,0
faf841f81c52638b,Books,39.61,39.61,0.0,Better Homes and Gardens New Cook Book,Food and Drink,https://books.toscrape.com/catalogue/better-homes-and-gardens-new-cook-book_423/index.html,In stock (6 available),0,True,6,0
46cb43c2ab133ccc,Books,21.3,21.3,0.0,An Unquiet Mind: A Memoir of Moods and Madness,Psychology,https://books.toscrape.com/catalogue/an-unquiet-mind-a-memoir-of-moods-and-madness_422/index.html,In stock (6 available),0,True,6,0
9e60929f521fa280,Books,56.88,56.88,0.0,A Year in Provence (Provence #1),Travel,https://books.toscrape.com/catalogue/a-year-in-provence-provence-1_421/index.html,In stock (6 available),0,True,6,0
2e5b4ff08a75fd02,Books,32.97,32.97,0.0,World Without End (The Pillars of the Earth #2),Historical Fiction,https://books.toscrape.com/catalogue/world-without-end-the-pillars-of-the-earth-2_420/index.html,In stock (5 available),0,True,5,0
e75f3ae1da1cc652,Books,47.31,47.31,0.0,"Will Grayson, Will Grayson (Will Grayson, Will Grayson)",Young Adult,https://books.toscrape.com/catalogue/will-grayson-will-grayson-will-grayson-will-grayson_419/index.html,In stock (5 available),0,True,5,0
759ee7d059b1beb8,Books,48.67,48.67,0.0,Why Save the Bankers?: And Other Essays on Our Economic and Political Crisis,Nonfiction,https://books.toscrape.com/catalogue/why-save-the-bankers-and-other-essays-on-our-economic-and-political-crisis_418/index.html,In stock (5 available),0,True,5,0
60369d96b7b80869,Books,41.73,41.73,0.0,Where She Went (If I Stay #2),Young Adult,https://books.toscrape.com/catalogue/where-she-went-if-i-stay-2_417/index.html,In stock (5 available),0,True,5,0
163d89116179c33f,Books,53.68,53.68,0.0,What If?: Serious Scientific Answers to Absurd Hypothetical Questions,Default,https://books.toscrape.com/catalogue/what-if-serious-scientific-answers-to-absurd-hypothetical-questions_416/index.html,In stock (5 available),0,True,5,0
3a7d54a264d9f33e,Books,14.64,14.64,0.0,Two Summers,Young Adult,https://books.toscrape.com/catalogue/two-summers_415/index.html,In stock (5 available),0,True,5,0
bc209a900101f28d,Books,38.4,38.4,0.0,This Is Your Brain on Music: The Science of a Human Obsession,Music,https://books.toscrape.com/catalogue/this-is-your-brain-on-music-the-science-of-a-human-obsession_414/index.html,In stock (5 available),0,True,5,0
abbb492978ff656d,Books,15.08,15.08,0.0,The Secret Garden,Classics,https://books.toscrape.com/catalogue/the-secret-garden_413/index.html,In stock (5 available),0,True,5,0
2e4fc5eacceec12c,Books,30.57,30.57,0.0,The Raven King (The Raven Cycle #4),Add a comment,https://books.toscrape.com/catalogue/the-raven-king-the-raven-cycle-4_412/index.html,In stock (5 available),0,True,5,0
e0b3a679b83caccc,Books,57.74,57.74,0.0,The Raven Boys (The Raven Cycle #1),Fantasy,https://books.toscrape.com/catalogue/the-raven-boys-the-raven-cycle-1_411/index.html,In stock (5 available),0,True,5,0
f701fae56b645ef7,Books,11.05,11.05,0.0,The Power Greens Cookbook: 140 Delicious Superfood Recipes,Food and Drink,https://books.toscrape.com/catalogue/the-power-greens-cookbook-140-delicious-superfood-recipes_410/index.html,In stock (5 available),0,True,5,0
93379e3a2072a01b,Books,28.58,28.58,0.0,The Metamorphosis,Classics,https://books.toscrape.com/catalogue/the-metamorphosis_409/index.html,In stock (5 available),0,True,5,0
0d210d2448c3018f,Books,42.91,42.91,0.0,The Mathews Men: Seven Brothers and the War Against Hitler's U-boats,History,https://books.toscrape.com/catalogue/the-mathews-men-seven-brothers-and-the-war-against-hitlers-u-boats_408/index.html,In stock (5 available),0,True,5,0
dfd9ff1f343cdaff,Books,24.73,24.73,0.0,The Little Paris Bookshop,Fiction,https://books.toscrape.com/catalogue/the-little-paris-bookshop_407/index.html,In stock (5 available),0,True,5,0
c4589ee5977a47be,Books,55.91,55.91,0.0,The Hiding Place,History,https://books.toscrape.com/catalogue/the-hiding-place_406/index.html,In stock (5 available),0,True,5,0
3213b1f13f5f0f7c,Books,13.76,13.76,0.0,The Grand Design,Science,https://books.toscrape.com/catalogue/the-grand-design_405/index.html,In stock (5 available),0,True,5,0
ad84f18659e6bfe2,Books,45.56,45.56,0.0,The Firm,Fiction,https://books.toscrape.com/catalogue/the-firm_404/index.html,In stock (5 available),0,True,5,0
3661360c99719414,Books,47.22,47.22,0.0,The Fault in Our Stars,Default,https://books.toscrape.com/catalogue/the-fault-in-our-stars_403/index.html,In stock (5 available),0,True,5,0
a2a9f76339d21ab1,Books,56.0,56.0,0.0,The False Prince (The Ascendance Trilogy #1),Fantasy,https://books.toscrape.com/catalogue/the-false-prince-the-ascendance-trilogy-1_402/index.html,In stock (5 available),0,True,5,0
fe7210553d56c097,Books,44.58,44.58,0.0,The Expatriates,Fiction,https://books.toscrape.com/catalogue/the-expatriates_401/index.html,In stock (5 available),0,True,5,0
fec06f52054ea900,Books,34.5,34.5,0.0,The Dream Thieves (The Raven Cycle #2),Default,https://books.toscrape.com/catalogue/the-dream-thieves-the-raven-cycle-2_400/index.html,In stock (5 available),0,True,5,0
c4182bdb53e2459a,Books,11.33,11.33,0.0,The Darkest Corners,Young Adult,https://books.toscrape.com/catalogue/the-darkest-corners_399/index.html,In stock (5 available),0,True,5,0
b228042c088b1913,Books,38.77,38.77,0.0,The Crossover,Poetry,https://books.toscrape.com/catalogue/the-crossover_398/index.html,In stock (5 available),0,True,5,0
b716233fcb6877e6,Books,11.83,11.83,0.0,The 5th Wave (The 5th Wave #1),Default,https://books.toscrape.com/catalogue/the-5th-wave-the-5th-wave-1_397/index.html,In stock (5 available),0,True,5,0
84126312e2431a09,Books,45.51,45.51,0.0,Tell the Wind and Fire,Fantasy,https://books.toscrape.com/catalogue/tell-the-wind-and-fire_396/index.html,In stock (5 available),0,True,5,0
50d5a7b861ed1c54,Books,41.81,41.81,0.0,Tell Me Three Things,Young Adult,https://books.toscrape.com/catalogue/tell-me-three-things_395/index.html,In stock (5 available),0,True,5,0
1dba84766a5e87b8,Books,25.15,25.15,0.0,Talking to Girls About Duran Duran: One Young Man's Quest for True Love and a Cooler Haircut,Nonfiction,https://books.toscrape.com/catalogue/talking-to-girls-about-duran-duran-one-young-mans-quest-for-true-love-and-a-cooler-haircut_394/index.html,In stock (5 available),0,True,5,0
84bb29c53592ac40,Books,34.22,34.22,0.0,Siddhartha,Fiction,https://books.toscrape.com/catalogue/siddhartha_393/index.html,In stock (5 available),0,True,5,0
59a8ae019b64f2a7,Books,16.23,16.23,0.0,Shiver (The Wolves of Mercy Falls #1),Default,https://books.toscrape.com/catalogue/shiver-the-wolves-of-mercy-falls-1_392/index.html,In stock (5 available),0,True,5,0
2973d38c2fbd7a5c,Books,11.48,11.48,0.0,Remember Me?,Default,https://books.toscrape.com/catalogue/remember-me_391/index.html,In stock (5 available),0,True,5,0
e958ae92f328c181,Books,23.37,23.37,0.0,Red Dragon (Hannibal Lecter #1),Horror,https://books.toscrape.com/catalogue/red-dragon-hannibal-lecter-1_390/index.html,In stock (5 available),0,True,5,0
6036239d2ab349b7,Books,16.28,16.28,0.0,Peak: Secrets from the New Science of Expertise,Science,https://books.toscrape.com/catalogue/peak-secrets-from-the-new-science-of-expertise_389/index.html,In stock (5 available),0,True,5,0
a4ce39a3720cd679,Books,31.63,31.63,0.0,My Mother Was Nuts,Nonfiction,https://books.toscrape.com/catalogue/my-mother-was-nuts_388/index.html,In stock (5 available),0,True,5,0
12a90b90283b2e6d,Books,24.91,24.91,0.0,Mexican Today: New and Rediscovered Recipes for Contemporary Kitchens,Food and Drink,https://books.toscrape.com/catalogue/mexican-today-new-and-rediscovered-recipes-for-contemporary-kitchens_387/index.html,In stock (5 available),0,True,5,0
81c68492ccd72941,Books,22.54,22.54,0.0,Maybe Something Beautiful: How Art Transformed a Neighborhood,Childrens,https://books.toscrape.com/catalogue/maybe-something-beautiful-how-art-transformed-a-neighborhood_386/index.html,In stock (5 available),0,True,5,0
5e1a88d248599768,Books,23.63,23.63,0.0,Lola and the Boy Next Door (Anna and the French Kiss #2),Young Adult,https://books.toscrape.com/catalogue/lola-and-the-boy-next-door-anna-and-the-french-kiss-2_385/index.html,In stock (5 available),0,True,5,0
7093cf549cd2e7de,Books,13.12,13.12,0.0,Logan Kade (Fallen Crest High #5.5),Academic,https://books.toscrape.com/catalogue/logan-kade-fallen-crest-high-55_384/index.html,In stock (5 available),0,True,5,0
07e6810fd3236bda,Books,59.98,59.98,0.0,Last One Home (New Beginnings #1),Fiction,https://books.toscrape.com/catalogue/last-one-home-new-beginnings-1_383/index.html,In stock (5 available),0,True,5,0
8dde2ff3f6fcc0a3,Books,31.49,31.49,0.0,Killing Floor (Jack Reacher #1),Thriller,https://books.toscrape.com/catalogue/killing-floor-jack-reacher-1_382/index.html,In stock (5 available),0,True,5,0
44f545727e704187,Books,15.52,15.52,0.0,Kill the Boy Band,Young Adult,https://books.toscrape.com/catalogue/kill-the-boy-band_381/index.html,In stock (5 available),0,True,5,0
45045146dbf7b009,Books,48.13,48.13,0.0,Isla and the Happily Ever After (Anna and the French Kiss #3),Young Adult,https://books.toscrape.com/catalogue/isla-and-the-happily-ever-after-anna-and-the-french-kiss-3_380/index.html,In stock (5 available),0,True,5,0
7284d85428305f5a,Books,38.13,38.13,0.0,If I Stay (If I Stay #1),Default,https://books.toscrape.com/catalogue/if-i-stay-if-i-stay-1_379/index.html,In stock (5 available),0,True,5,0
d219d4e325e6f204,Books,36.55,36.55,0.0,I Know Why the Caged Bird Sings (Maya Angelou's Autobiography #1),Default,https://books.toscrape.com/catalogue/i-know-why-the-caged-bird-sings-maya-angelous-autobiography-1_378/index.html,In stock (5 available),0,True,5,0
6c49258724f11770,Books,23.32,23.32,0.0,Harry Potter and the Deathly Hallows (Harry Potter #7),Default,https://books.toscrape.com/catalogue/harry-potter-and-the-deathly-hallows-harry-potter-7_377/index.html,In stock (5 available),0,True,5,0
3fd83dcf37bf1bc0,Books,16.33,16.33,0.0,"Fruits Basket, Vol. 5 (Fruits Basket #5)",Sequential Art,https://books.toscrape.com/catalogue/fruits-basket-vol-5-fruits-basket-5_376/index.html,In stock (5 available),0,True,5,0
3fc124f59f3068e4,Books,32.42,32.42,0.0,Foundation (Foundation (Publication Order) #1),Science Fiction,https://books.toscrape.com/catalogue/foundation-foundation-publication-order-1_375/index.html,In stock (5 available),0,True,5,0
630e766f0a1987dd,Books,16.96,16.96,0.0,Fool Me Once,Default,https://books.toscrape.com/catalogue/fool-me-once_374/index.html,In stock (5 available),0,True,5,0
b28c7d07afa7063b,Books,22.37,22.37,0.0,Find Her (Detective D.D. Warren #8),Add a comment,https://books.toscrape.com/catalogue/find-her-detective-dd-warren-8_373/index.html,In stock (5 available),0,True,5,0
75cc85cdbe9ad46b,Books,42.27,42.27,0.0,Evicted: Poverty and Profit in the American City,Add a comment,https://books.toscrape.com/catalogue/evicted-poverty-and-profit-in-the-american-city_372/index.html,In stock (5 available),0,True,5,0
d5ad4c92d8bf26c9,Books,38.7,38.7,0.0,Drama,Default,https://books.toscrape.com/catalogue/drama_371/index.html,In stock (5 available),0,True,5,0
e46b1074b99ac4b6,Books,35.63,35.63,0.0,Dracula the Un-Dead,Horror,https://books.toscrape.com/catalogue/dracula-the-un-dead_370/index.html,In stock (5 available),0,True,5,0
94bb629a3f6dd00b,Books,58.0,58.0,0.0,Digital Fortress,Fiction,https://books.toscrape.com/catalogue/digital-fortress_369/index.html,In stock (5 available),0,True,5,0
1c0a38899c82b60a,Books,52.41,52.41,0.0,"Death Note, Vol. 5: Whiteout (Death Note #5)",Sequential Art,https://books.toscrape.com/catalogue/death-note-vol-5-whiteout-death-note-5_368/index.html,In stock (5 available),0,True,5,0
bcf567421c581f0a,Books,32.35,32.35,0.0,"Data, A Love Story: How I Gamed Online Dating to Meet My Match",Nonfiction,https://books.toscrape.com/catalogue/data-a-love-story-how-i-gamed-online-dating-to-meet-my-match_367/index.html,In stock (5 available),0,True,5,0
429b4a811bef386c,Books,20.75,20.75,0.0,Critique of Pure Reason,Philosophy,https://books.toscrape.com/catalogue/critique-of-pure-reason_366/index.html,In stock (5 available),0,True,5,0
b54d7416bb445989,Books,17.49,17.49,0.0,Booked,Poetry,https://books.toscrape.com/catalogue/booked_365/index.html,In stock (5 available),0,True,5,0
ad5e078beceaeb4a,Books,34.13,34.13,0.0,"Blue Lily, Lily Blue (The Raven Cycle #3)",Default,https://books.toscrape.com/catalogue/blue-lily-lily-blue-the-raven-cycle-3_364/index.html,In stock (5 available),0,True,5,0
612369a5947a012e,Books,58.81,58.81,0.0,Approval Junkie: Adventures in Caring Too Much,Autobiography,https://books.toscrape.com/catalogue/approval-junkie-adventures-in-caring-too-much_363/index.html,In stock (5 available),0,True,5,0
f36d24c309e87e5b,Books,10.0,10.0,0.0,An Abundance of Katherines,Young Adult,https://books.toscrape.com/catalogue/an-abundance-of-katherines_362/index.html,In stock (5 available),0,True,5,0
add33db6ff80db24,Books,51.22,51.22,0.0,America's War for the Greater Middle East: A Military History,History,https://books.toscrape.com/catalogue/americas-war-for-the-greater-middle-east-a-military-history_361/index.html,In stock (5 available),0,True,5,0
d9290e99f189ce84,Books,58.59,58.59,0.0,Alight (The Generations Trilogy #2),Default,https://books.toscrape.com/catalogue/alight-the-generations-trilogy-2_360/index.html,In stock (5 available),0,True,5,0
cf3b86489890b9f2,Books,31.3,31.3,0.0,A Girl's Guide to Moving On (New Beginnings #2),Romance,https://books.toscrape.com/catalogue/a-girls-guide-to-moving-on-new-beginnings-2_359/index.html,In stock (5 available),0,True,5,0
03cbb67c0f990d87,Books,46.42,46.42,0.0,A Game of Thrones (A Song of Ice and Fire #1),Add a comment,https://books.toscrape.com/catalogue/a-game-of-thrones-a-song-of-ice-and-fire-1_358/index.html,In stock (5 available),0,True,5,0
f2c8f4b4c94d5c5c,Books,17.21,17.21,0.0,A Feast for Crows (A Song of Ice and Fire #4),Fantasy,https://books.toscrape.com/catalogue/a-feast-for-crows-a-song-of-ice-and-fire-4_357/index.html,In stock (5 available),0,True,5,0
89a89e76f3516357,Books,10.79,10.79,0.0,A Clash of Kings (A Song of Ice and Fire #2),Add a comment,https://books.toscrape.com/catalogue/a-clash-of-kings-a-song-of-ice-and-fire-2_356/index.html,In stock (5 available),0,True,5,0
a8f4577a48023344,Books,52.35,52.35,0.0,Vogue Colors A to Z: A Fashion Coloring Book,Default,https://books.toscrape.com/catalogue/vogue-colors-a-to-z-a-fashion-coloring-book_355/index.html,In stock (4 available),0,True,4,0
d4de23aa98acc65b,Books,27.88,27.88,0.0,The Shining (The Shining #1),Default,https://books.toscrape.com/catalogue/the-shining-the-shining-1_354/index.html,In stock (4 available),0,True,4,0
6053ddf69c967d5f,Books,50.26,50.26,0.0,The Pilgrim's Progress,Classics,https://books.toscrape.com/catalogue/the-pilgrims-progress_353/index.html,In stock (4 available),0,True,4,0
9cc207168a03470d,Books,59.99,59.99,0.0,The Perfect Play (Play by Play #1),Romance,https://books.toscrape.com/catalogue/the-perfect-play-play-by-play-1_352/index.html,In stock (4 available),0,True,4,0
011674f4a3834b8d,Books,28.32,28.32,0.0,The Passion of Dolssa,Historical Fiction,https://books.toscrape.com/catalogue/the-passion-of-dolssa_351/index.html,In stock (4 available),0,True,4,0
6a57286a8890d8c5,Books,38.71,38.71,0.0,The Jazz of Physics: The Secret Link Between Music and the Structure of the Universe,Nonfiction,https://books.toscrape.com/catalogue/the-jazz-of-physics-the-secret-link-between-music-and-the-structure-of-the-universe_350/index.html,In stock (4 available),0,True,4,0
6d2f70d9424f41a1,Books,29.85,29.85,0.0,The Hunger Games (The Hunger Games #1),Default,https://books.toscrape.com/catalogue/the-hunger-games-the-hunger-games-1_349/index.html,In stock (4 available),0,True,4,0
6587f46697fc4443,Books,14.82,14.82,0.0,The Hound of the Baskervilles (Sherlock Holmes #5),Classics,https://books.toscrape.com/catalogue/the-hound-of-the-baskervilles-sherlock-holmes-5_348/index.html,In stock (4 available),0,True,4,0
45033bdf3d9ed158,Books,16.81,16.81,0.0,The Gunning of America: Business and the Making of American Gun Culture,Nonfiction,https://books.toscrape.com/catalogue/the-gunning-of-america-business-and-the-making-of-american-gun-culture_347/index.html,In stock (4 available),0,True,4,0
c65ee14957c0fa5c,Books,28.23,28.23,0.0,The Geography of Bliss: One Grump's Search for the Happiest Places in the World,Nonfiction,https://books.toscrape.com/catalogue/the-geography-of-bliss-one-grumps-search-for-the-happiest-places-in-the-world_346/index.html,In stock (4 available),0,True,4,0
ff2dffba388d9922,Books,52.11,52.11,0.0,The Demonists (Demonist #1),Fantasy,https://books.toscrape.com/catalogue/the-demonists-demonist-1_345/index.html,In stock (4 available),0,True,4,0
df53c2948b32bde3,Books,27.88,27.88,0.0,"The Demon Prince of Momochi House, Vol. 4 (The Demon Prince of Momochi House #4)",Sequential Art,https://books.toscrape.com/catalogue/the-demon-prince-of-momochi-house-vol-4-the-demon-prince-of-momochi-house-4_344/index.html,In stock (4 available),0,True,4,0
9c4d061c1e2fe6bf,Books,59.71,59.71,0.0,The Bone Hunters (Lexy Vaughan & Steven Macaulay #2),Thriller,https://books.toscrape.com/catalogue/the-bone-hunters-lexy-vaughan-steven-macaulay-2_343/index.html,In stock (4 available),0,True,4,0
8930013d06942df1,Books,46.08,46.08,0.0,The Beast (Black Dagger Brotherhood #14),Fantasy,https://books.toscrape.com/catalogue/the-beast-black-dagger-brotherhood-14_342/index.html,In stock (4 available),0,True,4,0
31f5bbf4974d29c9,Books,13.73,13.73,0.0,Some Women,Womens Fiction,https://books.toscrape.com/catalogue/some-women_341/index.html,In stock (4 available),0,True,4,0
38199c5d7da0c0ef,Books,48.39,48.39,0.0,Shopaholic Ties the Knot (Shopaholic #3),Womens Fiction,https://books.toscrape.com/catalogue/shopaholic-ties-the-knot-shopaholic-3_340/index.html,In stock (4 available),0,True,4,0
ae884ac655d6ee3e,Books,49.45,49.45,0.0,Paper and Fire (The Great Library #2),Fantasy,https://books.toscrape.com/catalogue/paper-and-fire-the-great-library-2_339/index.html,In stock (4 available),0,True,4,0
5de4baa88061a77a,Books,19.67,19.67,0.0,Outlander (Outlander #1),Default,https://books.toscrape.com/catalogue/outlander-outlander-1_338/index.html,In stock (4 available),0,True,4,0
2ba5ccc84d35006c,Books,12.36,12.36,0.0,"Orchestra of Exiles: The Story of Bronislaw Huberman, the Israel Philharmonic, and the One Thousand Jews He Saved from Nazi Horrors",Music,https://books.toscrape.com/catalogue/orchestra-of-exiles-the-story-of-bronislaw-huberman-the-israel-philharmonic-and-the-one-thousand-jews-he-saved-from-nazi-horrors_337/index.html,In stock (4 available),0,True,4,0
3a95f5a2df4ff921,Books,20.02,20.02,0.0,No One Here Gets Out Alive,Music,https://books.toscrape.com/catalogue/no-one-here-gets-out-alive_336/index.html,In stock (4 available),0,True,4,0
869d20b3b8128230,Books,12.75,12.75,0.0,Night Shift (Night Shift #1-20),Horror,https://books.toscrape.com/catalogue/night-shift-night-shift-1-20_335/index.html,In stock (4 available),0,True,4,0
70b585c9d0f15725,Books,47.51,47.51,0.0,Needful Things,Horror,https://books.toscrape.com/catalogue/needful-things_334/index.html,In stock (4 available),0,True,4,0
5212c6acea3359e5,Books,20.44,20.44,0.0,Mockingjay (The Hunger Games #3),Default,https://books.toscrape.com/catalogue/mockingjay-the-hunger-games-3_333/index.html,In stock (4 available),0,True,4,0
81d4191030b9704b,Books,34.79,34.79,0.0,Misery,Horror,https://books.toscrape.com/catalogue/misery_332/index.html,In stock (4 available),0,True,4,0
deda806b68b0aa11,Books,28.07,28.07,0.0,Little Women (Little Women #1),Classics,https://books.toscrape.com/catalogue/little-women-little-women-1_331/index.html,In stock (4 available),0,True,4,0
670a2773607d785d,Books,25.01,25.01,0.0,It,Horror,https://books.toscrape.com/catalogue/it_330/index.html,In stock (4 available),0,True,4,0
ac337893a9fe0085,Books,13.9,13.9,0.0,Harry Potter and the Sorcerer's Stone (Harry Potter #1),Default,https://books.toscrape.com/catalogue/harry-potter-and-the-sorcerers-stone-harry-potter-1_329/index.html,In stock (4 available),0,True,4,0
eff24325e0ede639,Books,24.17,24.17,0.0,Harry Potter and the Prisoner of Azkaban (Harry Potter #3),Young Adult,https://books.toscrape.com/catalogue/harry-potter-and-the-prisoner-of-azkaban-harry-potter-3_328/index.html,In stock (4 available),0,True,4,0
5a6b7155f2797537,Books,31.63,31.63,0.0,Harry Potter and the Order of the Phoenix (Harry Potter #5),Fantasy,https://books.toscrape.com/catalogue/harry-potter-and-the-order-of-the-phoenix-harry-potter-5_327/index.html,In stock (4 available),0,True,4,0
73f4f87dd936ee5c,Books,48.75,48.75,0.0,Harry Potter and the Half-Blood Prince (Harry Potter #6),Fantasy,https://books.toscrape.com/catalogue/harry-potter-and-the-half-blood-prince-harry-potter-6_326/index.html,In stock (4 available),0,True,4,0
c7c4f55b7321cba7,Books,14.74,14.74,0.0,Harry Potter and the Chamber of Secrets (Harry Potter #2),Fantasy,https://books.toscrape.com/catalogue/harry-potter-and-the-chamber-of-secrets-harry-potter-2_325/index.html,In stock (4 available),0,True,4,0
23310ce84d3c9f85,Books,32.49,32.49,0.0,Gone with the Wind,Classics,https://books.toscrape.com/catalogue/gone-with-the-wind_324/index.html,In stock (4 available),0,True,4,0
ddbc5530d2939d49,Books,27.8,27.8,0.0,God Is Not Great: How Religion Poisons Everything,Nonfiction,https://books.toscrape.com/catalogue/god-is-not-great-how-religion-poisons-everything_323/index.html,In stock (4 available),0,True,4,0
5eff05e59f905a49,Books,26.77,26.77,0.0,Girl With a Pearl Earring,Historical Fiction,https://books.toscrape.com/catalogue/girl-with-a-pearl-earring_322/index.html,In stock (4 available),0,True,4,0
8fff1084aa085a13,Books,50.44,50.44,0.0,"Fruits Basket, Vol. 4 (Fruits Basket #4)",Sequential Art,https://books.toscrape.com/catalogue/fruits-basket-vol-4-fruits-basket-4_321/index.html,In stock (4 available),0,True,4,0
ad15a9a139919918,Books,34.93,34.93,0.0,Far From True (Promise Falls Trilogy #2),Thriller,https://books.toscrape.com/catalogue/far-from-true-promise-falls-trilogy-2_320/index.html,In stock (4 available),0,True,4,0
2b69d289279aabfd,Books,12.87,12.87,0.0,Dark Lover (Black Dagger Brotherhood #1),Romance,https://books.toscrape.com/catalogue/dark-lover-black-dagger-brotherhood-1_319/index.html,In stock (4 available),0,True,4,0
a2dc754afb69bb32,Books,48.94,48.94,0.0,Confessions of a Shopaholic (Shopaholic #1),Default,https://books.toscrape.com/catalogue/confessions-of-a-shopaholic-shopaholic-1_318/index.html,In stock (4 available),0,True,4,0
aaebac5fda798b1b,Books,13.38,13.38,0.0,Changing the Game (Play by Play #2),Romance,https://books.toscrape.com/catalogue/changing-the-game-play-by-play-2_317/index.html,In stock (4 available),0,True,4,0
2798974abc8a58a8,Books,58.63,58.63,0.0,Candide,Classics,https://books.toscrape.com/catalogue/candide_316/index.html,In stock (4 available),0,True,4,0
0812f54c93d726ce,Books,21.94,21.94,0.0,Can You Keep a Secret?,Womens Fiction,https://books.toscrape.com/catalogue/can-you-keep-a-secret_315/index.html,In stock (4 available),0,True,4,0
78a4ac98191ac675,Books,26.58,26.58,0.0,Atlas Shrugged,Fiction,https://books.toscrape.com/catalogue/atlas-shrugged_314/index.html,In stock (4 available),0,True,4,0
1451b55e5e56bb89,Books,57.22,57.22,0.0,Animal Farm,Classics,https://books.toscrape.com/catalogue/animal-farm_313/index.html,In stock (4 available),0,True,4,0
aead11697d14ea36,Books,56.43,56.43,0.0,A Walk to Remember,Romance,https://books.toscrape.com/catalogue/a-walk-to-remember_312/index.html,In stock (4 available),0,True,4,0
f6ae39568db1130e,Books,55.65,55.65,0.0,A New Earth: Awakening to Your Life's Purpose,Spirituality,https://books.toscrape.com/catalogue/a-new-earth-awakening-to-your-lifes-purpose_311/index.html,In stock (4 available),0,True,4,0
d12ca4020c2f602e,Books,27.62,27.62,0.0,"A History of God: The 4,000-Year Quest of Judaism, Christianity, and Islam",Religion,https://books.toscrape.com/catalogue/a-history-of-god-the-4000-year-quest-of-judaism-christianity-and-islam_310/index.html,In stock (4 available),0,True,4,0
6e9403f00acd6752,Books,49.56,49.56,0.0,'Salem's Lot,Horror,https://books.toscrape.com/catalogue/salems-lot_309/index.html,In stock (4 available),0,True,4,0
634b7165c96ebb9f,Books,34.77,34.77,0.0,Zero History (Blue Ant #3),Default,https://books.toscrape.com/catalogue/zero-history-blue-ant-3_308/index.html,In stock (3 available),0,True,3,0
5a7ff9aaa3168878,Books,17.73,17.73,0.0,Wuthering Heights,Classics,https://books.toscrape.com/catalogue/wuthering-heights_307/index.html,In stock (3 available),0,True,3,0
5d55202da0252627,Books,21.8,21.8,0.0,World War Z: An Oral History of the Zombie War,Default,https://books.toscrape.com/catalogue/world-war-z-an-oral-history-of-the-zombie-war_306/index.html,In stock (3 available),0,True,3,0
d30b9215c72cca87,Books,46.02,46.02,0.0,Wild: From Lost to Found on the Pacific Crest Trail,Default,https://books.toscrape.com/catalogue/wild-from-lost-to-found-on-the-pacific-crest-trail_305/index.html,In stock (3 available),0,True,3,0
07bb35158d9dd3d2,Books,18.13,18.13,0.0,"Where'd You Go, Bernadette",Default,https://books.toscrape.com/catalogue/whered-you-go-bernadette_304/index.html,In stock (3 available),0,True,3,0
dab0196cd5fc8e5e,Books,30.89,30.89,0.0,When You Are Engulfed in Flames,Humor,https://books.toscrape.com/catalogue/when-you-are-engulfed-in-flames_303/index.html,In stock (3 available),0,True,3,0
06bab964fd536971,Books,31.95,31.95,0.0,We the People: The Modern-Day Figures Who Have Reshaped and Affirmed the Founding Fathers' Vision of America,Nonfiction,https://books.toscrape.com/catalogue/we-the-people-the-modern-day-figures-who-have-reshaped-and-affirmed-the-founding-fathers-vision-of-america_302/index.html,In stock (3 available),0,True,3,0
be3db344a845580b,Books,24.04,24.04,0.0,We Are All Completely Beside Ourselves,Contemporary,https://books.toscrape.com/catalogue/we-are-all-completely-beside-ourselves_301/index.html,In stock (3 available),0,True,3,0
0e4e2d31c2fb3aad,Books,32.36,32.36,0.0,Walk the Edge (Thunder Road #2),Young Adult,https://books.toscrape.com/catalogue/walk-the-edge-thunder-road-2_300/index.html,In stock (3 available),0,True,3,0
7feac4000cbc5859,Books,21.07,21.07,0.0,Voyager (Outlander #3),Historical Fiction,https://books.toscrape.com/catalogue/voyager-outlander-3_299/index.html,In stock (3 available),0,True,3,0
52aa3d79b1cee455,Books,50.66,50.66,0.0,Very Good Lives: The Fringe Benefits of Failure and the Importance of Imagination,Nonfiction,https://books.toscrape.com/catalogue/very-good-lives-the-fringe-benefits-of-failure-and-the-importance-of-imagination_298/index.html,In stock (3 available),0,True,3,0
4672d10b9b1e7a05,Books,13.66,13.66,0.0,Vegan Vegetarian Omnivore: Dinner for Everyone at the Table,Food and Drink,https://books.toscrape.com/catalogue/vegan-vegetarian-omnivore-dinner-for-everyone-at-the-table_297/index.html,In stock (3 available),0,True,3,0
b830685072fa871f,Books,58.09,58.09,0.0,"Unstuffed: Decluttering Your Home, Mind, and Soul",Nonfiction,https://books.toscrape.com/catalogue/unstuffed-decluttering-your-home-mind-and-soul_296/index.html,In stock (3 available),0,True,3,0
599a4f98bb193368,Books,30.0,30.0,0.0,Under the Banner of Heaven: A Story of Violent Faith,Nonfiction,https://books.toscrape.com/catalogue/under-the-banner-of-heaven-a-story-of-violent-faith_295/index.html,In stock (3 available),0,True,3,0
61bc8167c9680283,Books,32.74,32.74,0.0,Two Boys Kissing,Young Adult,https://books.toscrape.com/catalogue/two-boys-kissing_294/index.html,In stock (3 available),0,True,3,0
b53078de0147f6bf,Books,41.93,41.93,0.0,Twilight (Twilight #1),Default,https://books.toscrape.com/catalogue/twilight-twilight-1_293/index.html,In stock (3 available),0,True,3,0
8ebad30219b8679c,Books,42.8,42.8,0.0,Twenties Girl,Womens Fiction,https://books.toscrape.com/catalogue/twenties-girl_292/index.html,In stock (3 available),0,True,3,0
2173a2ce35f6ace1,Books,53.51,53.51,0.0,"Trespassing Across America: One Man's Epic, Never-Done-Before (and Sort of Illegal) Hike Across the Heartland",Nonfiction,https://books.toscrape.com/catalogue/trespassing-across-america-one-mans-epic-never-done-before-and-sort-of-illegal-hike-across-the-heartland_291/index.html,In stock (3 available),0,True,3,0
57f755143ee96fd4,Books,23.21,23.21,0.0,Three-Martini Lunch,Fiction,https://books.toscrape.com/catalogue/three-martini-lunch_290/index.html,In stock (3 available),0,True,3,0
719d72f3ee512dc6,Books,21.14,21.14,0.0,"Thinking, Fast and Slow",Psychology,https://books.toscrape.com/catalogue/thinking-fast-and-slow_289/index.html,In stock (3 available),0,True,3,0
75fed6a47f69859d,Books,56.07,56.07,0.0,The Wild Robot,Childrens,https://books.toscrape.com/catalogue/the-wild-robot_288/index.html,In stock (3 available),0,True,3,0
a33ed2e6068df53e,Books,14.41,14.41,0.0,"The Wicked + The Divine, Vol. 3: Commercial Suicide (The Wicked + The Divine)",Sequential Art,https://books.toscrape.com/catalogue/the-wicked-the-divine-vol-3-commercial-suicide-the-wicked-the-divine_287/index.html,In stock (3 available),0,True,3,0
813cff2aefa5d1f0,Books,45.75,45.75,0.0,The Undomestic Goddess,Womens Fiction,https://books.toscrape.com/catalogue/the-undomestic-goddess_286/index.html,In stock (3 available),0,True,3,0
2b685187f55c5d31,Books,15.77,15.77,0.0,The Travelers,Thriller,https://books.toscrape.com/catalogue/the-travelers_285/index.html,In stock (3 available),0,True,3,0
224fa77d4b248046,Books,10.02,10.02,0.0,The Tipping Point: How Little Things Can Make a Big Difference,Add a comment,https://books.toscrape.com/catalogue/the-tipping-point-how-little-things-can-make-a-big-difference_284/index.html,In stock (3 available),0,True,3,0
3d15714d4d3d15dd,Books,48.77,48.77,0.0,The Thing About Jellyfish,Childrens,https://books.toscrape.com/catalogue/the-thing-about-jellyfish_283/index.html,In stock (3 available),0,True,3,0
49f24193f0b961e6,Books,57.86,57.86,0.0,The Stand,Horror,https://books.toscrape.com/catalogue/the-stand_282/index.html,In stock (3 available),0,True,3,0
742702d662a71410,Books,23.59,23.59,0.0,The Smitten Kitchen Cookbook,Food and Drink,https://books.toscrape.com/catalogue/the-smitten-kitchen-cookbook_281/index.html,In stock (3 available),0,True,3,0
f06039c29b5891fa,Books,23.05,23.05,0.0,The Silkworm (Cormoran Strike #2),Mystery,https://books.toscrape.com/catalogue/the-silkworm-cormoran-strike-2_280/index.html,In stock (3 available),0,True,3,0
91eb9605998a7c03,Books,55.55,55.55,0.0,"The Sandman, Vol. 3: Dream Country (The Sandman (volumes) #3)",Sequential Art,https://books.toscrape.com/catalogue/the-sandman-vol-3-dream-country-the-sandman-volumes-3_279/index.html,In stock (3 available),0,True,3,0
322a9e34d87f54b1,Books,58.64,58.64,0.0,The Rose & the Dagger (The Wrath and the Dawn #2),Fantasy,https://books.toscrape.com/catalogue/the-rose-the-dagger-the-wrath-and-the-dawn-2_278/index.html,In stock (3 available),0,True,3,0
366a236aa1ea6f07,Books,23.21,23.21,0.0,The Road to Little Dribbling: Adventures of an American in Britain (Notes From a Small Island #2),Travel,https://books.toscrape.com/catalogue/the-road-to-little-dribbling-adventures-of-an-american-in-britain-notes-from-a-small-island-2_277/index.html,In stock (3 available),0,True,3,0
1a5044d233936b1a,Books,42.57,42.57,0.0,The Rise of Theodore Roosevelt (Theodore Roosevelt #1),Biography,https://books.toscrape.com/catalogue/the-rise-of-theodore-roosevelt-theodore-roosevelt-1_276/index.html,In stock (3 available),0,True,3,0
0e92ccf1bd39e68f,Books,10.92,10.92,0.0,The Restaurant at the End of the Universe (Hitchhiker's Guide to the Galaxy #2),Science Fiction,https://books.toscrape.com/catalogue/the-restaurant-at-the-end-of-the-universe-hitchhikers-guide-to-the-galaxy-2_275/index.html,In stock (3 available),0,True,3,0
e2d47e82c50d41d9,Books,34.77,34.77,0.0,The Rest Is Noise: Listening to the Twentieth Century,Add a comment,https://books.toscrape.com/catalogue/the-rest-is-noise-listening-to-the-twentieth-century_274/index.html,In stock (3 available),0,True,3,0
3c456328b04a8ee8,Books,35.66,35.66,0.0,The Red Tent,Historical Fiction,https://books.toscrape.com/catalogue/the-red-tent_273/index.html,In stock (3 available),0,True,3,0
0e7beedf0ee9380c,Books,37.19,37.19,0.0,The Purpose Driven Life: What on Earth Am I Here for?,Add a comment,https://books.toscrape.com/catalogue/the-purpose-driven-life-what-on-earth-am-i-here-for_272/index.html,In stock (3 available),0,True,3,0
969f6c7e86554814,Books,12.25,12.25,0.0,The Purest Hook (Second Circle Tattoos #3),Romance,https://books.toscrape.com/catalogue/the-purest-hook-second-circle-tattoos-3_271/index.html,In stock (3 available),0,True,3,0
b9f6305a3d650e2c,Books,29.7,29.7,0.0,The Picture of Dorian Gray,Classics,https://books.toscrape.com/catalogue/the-picture-of-dorian-gray_270/index.html,In stock (3 available),0,True,3,0
fa26798728f5208f,Books,36.8,36.8,0.0,The Paris Wife,Default,https://books.toscrape.com/catalogue/the-paris-wife_269/index.html,In stock (3 available),0,True,3,0
ee441c8e027caa66,Books,45.43,45.43,0.0,The Obsession,Romance,https://books.toscrape.com/catalogue/the-obsession_268/index.html,In stock (3 available),0,True,3,0
29d6d87f3418638b,Books,26.26,26.26,0.0,The Nightingale,Fiction,https://books.toscrape.com/catalogue/the-nightingale_267/index.html,In stock (3 available),0,True,3,0
3e42ac0f4d43320f,Books,44.92,44.92,0.0,The New Guy (and Other Senior Year Distractions),Young Adult,https://books.toscrape.com/catalogue/the-new-guy-and-other-senior-year-distractions_266/index.html,In stock (3 available),0,True,3,0
6263c1d2997b8ce0,Books,52.53,52.53,0.0,The Nanny Diaries (Nanny #1),Womens Fiction,https://books.toscrape.com/catalogue/the-nanny-diaries-nanny-1_265/index.html,In stock (3 available),0,True,3,0
0baf71623648413a,Books,37.25,37.25,0.0,The Name of God is Mercy,Nonfiction,https://books.toscrape.com/catalogue/the-name-of-god-is-mercy_264/index.html,In stock (3 available),0,True,3,0
4266f48a0aa1c37d,Books,20.93,20.93,0.0,The Maze Runner (The Maze Runner #1),Default,https://books.toscrape.com/catalogue/the-maze-runner-the-maze-runner-1_263/index.html,In stock (3 available),0,True,3,0
36c15687f5ab0f7c,Books,58.09,58.09,0.0,The Lover's Dictionary,Default,https://books.toscrape.com/catalogue/the-lovers-dictionary_262/index.html,In stock (3 available),0,True,3,0
cf2f27fdf94ba20e,Books,43.59,43.59,0.0,The Lonely Ones,Childrens,https://books.toscrape.com/catalogue/the-lonely-ones_261/index.html,In stock (3 available),0,True,3,0
70c7c3ca7f9b2728,Books,33.92,33.92,0.0,The Lean Startup: How Today's Entrepreneurs Use Continuous Innovation to Create Radically Successful Businesses,Business,https://books.toscrape.com/catalogue/the-lean-startup-how-todays-entrepreneurs-use-continuous-innovation-to-create-radically-successful-businesses_260/index.html,In stock (3 available),0,True,3,0
476c7972e9b41891,Books,55.55,55.55,0.0,The Last Painting of Sara de Vos,Historical Fiction,https://books.toscrape.com/catalogue/the-last-painting-of-sara-de-vos_259/index.html,In stock (3 available),0,True,3,0
35e69a79d2b1e804,Books,29.64,29.64,0.0,"The Land of 10,000 Madonnas",Young Adult,https://books.toscrape.com/catalogue/the-land-of-10000-madonnas_258/index.html,In stock (3 available),0,True,3,0
554e9e2d532b3a87,Books,27.41,27.41,0.0,The Infinities,Fiction,https://books.toscrape.com/catalogue/the-infinities_257/index.html,In stock (3 available),0,True,3,0
ff6bb30dd0c482a6,Books,52.51,52.51,0.0,The Husband's Secret,Fiction,https://books.toscrape.com/catalogue/the-husbands-secret_256/index.html,In stock (3 available),0,True,3,0
a8b0ea6490bc818f,Books,47.8,47.8,0.0,The Hitchhiker's Guide to the Galaxy (Hitchhiker's Guide to the Galaxy #1),Add a comment,https://books.toscrape.com/catalogue/the-hitchhikers-guide-to-the-galaxy-hitchhikers-guide-to-the-galaxy-1_255/index.html,In stock (3 available),0,True,3,0
b5da59dd177eb36b,Books,14.54,14.54,0.0,The Guns of August,History,https://books.toscrape.com/catalogue/the-guns-of-august_254/index.html,In stock (3 available),0,True,3,0
4a0a276409968a73,Books,49.53,49.53,0.0,The Guernsey Literary and Potato Peel Pie Society,Historical Fiction,https://books.toscrape.com/catalogue/the-guernsey-literary-and-potato-peel-pie-society_253/index.html,In stock (3 available),0,True,3,0
c88422d8959260ab,Books,43.58,43.58,0.0,The Goldfinch,Default,https://books.toscrape.com/catalogue/the-goldfinch_252/index.html,In stock (3 available),0,True,3,0
e2dac1f4739e0bd5,Books,12.3,12.3,0.0,The Giver (The Giver Quartet #1),Default,https://books.toscrape.com/catalogue/the-giver-the-giver-quartet-1_251/index.html,In stock (3 available),0,True,3,0
92dcc54a27107a37,Books,49.47,49.47,0.0,The Girl with All the Gifts,Horror,https://books.toscrape.com/catalogue/the-girl-with-all-the-gifts_250/index.html,In stock (3 available),0,True,3,0
bfa9cb304075d3e8,Books,22.14,22.14,0.0,The Girl Who Played with Fire (Millennium Trilogy #2),Default,https://books.toscrape.com/catalogue/the-girl-who-played-with-fire-millennium-trilogy-2_249/index.html,In stock (3 available),0,True,3,0
8f5d16a5a9bd58b2,Books,57.48,57.48,0.0,The Girl Who Kicked the Hornet's Nest (Millennium Trilogy #3),Add a comment,https://books.toscrape.com/catalogue/the-girl-who-kicked-the-hornets-nest-millennium-trilogy-3_248/index.html,In stock (3 available),0,True,3,0
dd003e904727281a,Books,43.45,43.45,0.0,The Exiled,Mystery,https://books.toscrape.com/catalogue/the-exiled_247/index.html,In stock (3 available),0,True,3,0
b3f2bc2cefb35f05,Books,22.13,22.13,0.0,"The End of Faith: Religion, Terror, and the Future of Reason",Add a comment,https://books.toscrape.com/catalogue/the-end-of-faith-religion-terror-and-the-future-of-reason_246/index.html,In stock (3 available),0,True,3,0
c6bf14cb901c63ac,Books,13.03,13.03,0.0,"The Elegant Universe: Superstrings, Hidden Dimensions, and the Quest for the Ultimate Theory",Science,https://books.toscrape.com/catalogue/the-elegant-universe-superstrings-hidden-dimensions-and-the-quest-for-the-ultimate-theory_245/index.html,In stock (3 available),0,True,3,0
63c0826ef59eae66,Books,57.35,57.35,0.0,"The Disappearing Spoon: And Other True Tales of Madness, Love, and the History of the World from the Periodic Table of the Elements",Science,https://books.toscrape.com/catalogue/the-disappearing-spoon-and-other-true-tales-of-madness-love-and-the-history-of-the-world-from-the-periodic-table-of-the-elements_244/index.html,In stock (3 available),0,True,3,0
a6ab0cb7106a67f2,Books,44.29,44.29,0.0,The Devil Wears Prada (The Devil Wears Prada #1),Womens Fiction,https://books.toscrape.com/catalogue/the-devil-wears-prada-the-devil-wears-prada-1_243/index.html,In stock (3 available),0,True,3,0
f51062bf579507d9,Books,52.25,52.25,0.0,The Demon-Haunted World: Science as a Candle in the Dark,Default,https://books.toscrape.com/catalogue/the-demon-haunted-world-science-as-a-candle-in-the-dark_242/index.html,In stock (3 available),0,True,3,0
b22362b434e8ee62,Books,26.33,26.33,0.0,The Day the Crayons Came Home (Crayons),Childrens,https://books.toscrape.com/catalogue/the-day-the-crayons-came-home-crayons_241/index.html,In stock (3 available),0,True,3,0
dabf11918b48b40c,Books,22.96,22.96,0.0,The Da Vinci Code (Robert Langdon #2),Fiction,https://books.toscrape.com/catalogue/the-da-vinci-code-robert-langdon-2_240/index.html,In stock (3 available),0,True,3,0
1be6d3b121865edb,Books,19.21,19.21,0.0,The Cuckoo's Calling (Cormoran Strike #1),Mystery,https://books.toscrape.com/catalogue/the-cuckoos-calling-cormoran-strike-1_239/index.html,In stock (3 available),0,True,3,0
cad70d6ffd53912f,Books,26.78,26.78,0.0,The Complete Stories and Poems (The Works of Edgar Allan Poe [Cameo Edition]),Classics,https://books.toscrape.com/catalogue/the-complete-stories-and-poems-the-works-of-edgar-allan-poe-cameo-edition_238/index.html,In stock (3 available),0,True,3,0
23707d3ddf14a999,Books,41.32,41.32,0.0,The Complete Poems,Add a comment,https://books.toscrape.com/catalogue/the-complete-poems_237/index.html,In stock (3 available),0,True,3,0
487449f4f6322f0f,Books,24.55,24.55,0.0,The Catcher in the Rye,Add a comment,https://books.toscrape.com/catalogue/the-catcher-in-the-rye_236/index.html,In stock (3 available),0,True,3,0
b7f475238ed50429,Books,16.26,16.26,0.0,The Cat in the Hat (Beginner Books B-1),Childrens,https://books.toscrape.com/catalogue/the-cat-in-the-hat-beginner-books-b-1_235/index.html,In stock (3 available),0,True,3,0
970bd3316219e7dc,Books,47.84,47.84,0.0,The Case for Christ (Cases for Christianity),Add a comment,https://books.toscrape.com/catalogue/the-case-for-christ-cases-for-christianity_234/index.html,In stock (3 available),0,True,3,0
a75e274c8814b539,Books,53.49,53.49,0.0,The Book Thief,Default,https://books.toscrape.com/catalogue/the-book-thief_233/index.html,In stock (3 available),0,True,3,0
08decd9664e5d56e,Books,44.84,44.84,0.0,The Book of Basketball: The NBA According to The Sports Guy,Sports and Games,https://books.toscrape.com/catalogue/the-book-of-basketball-the-nba-according-to-the-sports-guy_232/index.html,In stock (3 available),0,True,3,0
cd3dcd83bb002e78,Books,53.71,53.71,0.0,The Blind Side: Evolution of a Game,Add a comment,https://books.toscrape.com/catalogue/the-blind-side-evolution-of-a-game_231/index.html,In stock (3 available),0,True,3,0
b04a6a0db525857d,Books,23.43,23.43,0.0,The Autobiography of Malcolm X,Default,https://books.toscrape.com/catalogue/the-autobiography-of-malcolm-x_230/index.html,In stock (3 available),0,True,3,0
311634df10651e05,Books,34.32,34.32,0.0,"The Art of Simple Food: Notes, Lessons, and Recipes from a Delicious Revolution",Food and Drink,https://books.toscrape.com/catalogue/the-art-of-simple-food-notes-lessons-and-recipes-from-a-delicious-revolution_229/index.html,In stock (3 available),0,True,3,0
2858ac90c4758e1f,Books,22.1,22.1,0.0,The Art of Fielding,Fiction,https://books.toscrape.com/catalogue/the-art-of-fielding_228/index.html,In stock (3 available),0,True,3,0
61002f3b7ba5d780,Books,25.83,25.83,0.0,"Surely You're Joking, Mr. Feynman!: Adventures of a Curious Character",Science,https://books.toscrape.com/catalogue/surely-youre-joking-mr-feynman-adventures-of-a-curious-character_227/index.html,In stock (3 available),0,True,3,0
a11ae5f07572ef49,Books,36.74,36.74,0.0,Stiff: The Curious Lives of Human Cadavers,Nonfiction,https://books.toscrape.com/catalogue/stiff-the-curious-lives-of-human-cadavers_226/index.html,In stock (3 available),0,True,3,0
f08667e4c0458f37,Books,49.51,49.51,0.0,Spilled Milk: Based on a True Story,Nonfiction,https://books.toscrape.com/catalogue/spilled-milk-based-on-a-true-story_225/index.html,In stock (3 available),0,True,3,0
ac27ab4bcd9c492e,Books,48.96,48.96,0.0,Something Borrowed (Darcy & Rachel #1),Womens Fiction,https://books.toscrape.com/catalogue/something-borrowed-darcy-rachel-1_224/index.html,In stock (3 available),0,True,3,0
3fc9d51d1c4d6ba7,Books,54.62,54.62,0.0,Something Blue (Darcy & Rachel #2),Womens Fiction,https://books.toscrape.com/catalogue/something-blue-darcy-rachel-2_223/index.html,In stock (3 available),0,True,3,0
feaaae90514eb2ac,Books,24.72,24.72,0.0,Soldier (Talon #3),Fantasy,https://books.toscrape.com/catalogue/soldier-talon-3_222/index.html,In stock (3 available),0,True,3,0
c57d3c96af23c297,Books,46.45,46.45,0.0,Shopaholic & Baby (Shopaholic #5),Default,https://books.toscrape.com/catalogue/shopaholic-baby-shopaholic-5_221/index.html,In stock (3 available),0,True,3,0
07806456878931bc,Books,52.33,52.33,0.0,Seven Days in the Art World,Add a comment,https://books.toscrape.com/catalogue/seven-days-in-the-art-world_220/index.html,In stock (3 available),0,True,3,0
281a244ce1954711,Books,30.6,30.6,0.0,Seven Brief Lessons on Physics,Science,https://books.toscrape.com/catalogue/seven-brief-lessons-on-physics_219/index.html,In stock (3 available),0,True,3,0
510832818edb6fbc,Books,14.57,14.57,0.0,Scarlet (The Lunar Chronicles #2),Young Adult,https://books.toscrape.com/catalogue/scarlet-the-lunar-chronicles-2_218/index.html,In stock (3 available),0,True,3,0
5b2cd5b31a510848,Books,46.29,46.29,0.0,Sarah's Key,Add a comment,https://books.toscrape.com/catalogue/sarahs-key_217/index.html,In stock (3 available),0,True,3,0
7b870bf85d01c2dc,Books,21.57,21.57,0.0,"Saga, Volume 3 (Saga (Collected Editions) #3)",Sequential Art,https://books.toscrape.com/catalogue/saga-volume-3-saga-collected-editions-3_216/index.html,In stock (3 available),0,True,3,0
28921443f052bea6,Books,12.91,12.91,0.0,Running with Scissors,Autobiography,https://books.toscrape.com/catalogue/running-with-scissors_215/index.html,In stock (3 available),0,True,3,0
b4f5672f68ec3a83,Books,50.11,50.11,0.0,Rogue Lawyer (Rogue Lawyer #1),Add a comment,https://books.toscrape.com/catalogue/rogue-lawyer-rogue-lawyer-1_214/index.html,In stock (3 available),0,True,3,0
89cad3f37c9ce226,Books,41.67,41.67,0.0,"Rise of the Rocket Girls: The Women Who Propelled Us, from Missiles to the Moon to Mars",Nonfiction,https://books.toscrape.com/catalogue/rise-of-the-rocket-girls-the-women-who-propelled-us-from-missiles-to-the-moon-to-mars_213/index.html,In stock (3 available),0,True,3,0
8e9dd8431170c09e,Books,44.88,44.88,0.0,Rework,Business,https://books.toscrape.com/catalogue/rework_212/index.html,In stock (3 available),0,True,3,0
ecdf73ee66c33b17,Books,11.1,11.1,0.0,Reservations for Two,Romance,https://books.toscrape.com/catalogue/reservations-for-two_211/index.html,In stock (3 available),0,True,3,0
4c8ece50736f9e88,Books,28.54,28.54,0.0,Red: The True Story of Red Riding Hood,Childrens,https://books.toscrape.com/catalogue/red-the-true-story-of-red-riding-hood_210/index.html,In stock (3 available),0,True,3,0
2ef5dc7e278e562a,Books,19.07,19.07,0.0,Ready Player One,Science Fiction,https://books.toscrape.com/catalogue/ready-player-one_209/index.html,In stock (3 available),0,True,3,0
3c565df219ba3274,Books,43.55,43.55,0.0,Quiet: The Power of Introverts in a World That Can't Stop Talking,Default,https://books.toscrape.com/catalogue/quiet-the-power-of-introverts-in-a-world-that-cant-stop-talking_208/index.html,In stock (3 available),0,True,3,0
9707989a439757b4,Books,43.63,43.63,0.0,Prodigy: The Graphic Novel (Legend: The Graphic Novel #2),Sequential Art,https://books.toscrape.com/catalogue/prodigy-the-graphic-novel-legend-the-graphic-novel-2_207/index.html,In stock (3 available),0,True,3,0
cb62418129b864a3,Books,39.13,39.13,0.0,Persepolis: The Story of a Childhood (Persepolis #1-2),Sequential Art,https://books.toscrape.com/catalogue/persepolis-the-story-of-a-childhood-persepolis-1-2_206/index.html,In stock (3 available),0,True,3,0
8e2dfd6bcf48e1e6,Books,56.68,56.68,0.0,Packing for Mars: The Curious Science of Life in the Void,Default,https://books.toscrape.com/catalogue/packing-for-mars-the-curious-science-of-life-in-the-void_205/index.html,In stock (3 available),0,True,3,0
09a7b0b566ad6225,Books,14.16,14.16,0.0,Outliers: The Story of Success,Nonfiction,https://books.toscrape.com/catalogue/outliers-the-story-of-success_204/index.html,In stock (3 available),0,True,3,0
c59283b05905c853,Books,31.45,31.45,0.0,Original Fake,Sequential Art,https://books.toscrape.com/catalogue/original-fake_203/index.html,In stock (3 available),0,True,3,0
8378c899988905ee,Books,24.61,24.61,0.0,Orange Is the New Black,Default,https://books.toscrape.com/catalogue/orange-is-the-new-black_202/index.html,In stock (3 available),0,True,3,0
3250650a5c4e6f07,Books,32.87,32.87,0.0,One for the Money (Stephanie Plum #1),Default,https://books.toscrape.com/catalogue/one-for-the-money-stephanie-plum-1_201/index.html,In stock (3 available),0,True,3,0
cb65e49993db9a93,Books,40.17,40.17,0.0,Notes from a Small Island (Notes From a Small Island #1),Nonfiction,https://books.toscrape.com/catalogue/notes-from-a-small-island-notes-from-a-small-island-1_200/index.html,In stock (3 available),0,True,3,0
c4d9fce9eff3b8ba,Books,13.51,13.51,0.0,Night (The Night Trilogy #1),Nonfiction,https://books.toscrape.com/catalogue/night-the-night-trilogy-1_199/index.html,In stock (3 available),0,True,3,0
747cf7fca2ccdbd4,Books,38.95,38.95,0.0,Neither Here nor There: Travels in Europe,Travel,https://books.toscrape.com/catalogue/neither-here-nor-there-travels-in-europe_198/index.html,In stock (3 available),0,True,3,0
54aeeb4610d3ae08,Books,31.69,31.69,0.0,Naked,Humor,https://books.toscrape.com/catalogue/naked_197/index.html,In stock (3 available),0,True,3,0
7ce5a92baabb6bc0,Books,29.4,29.4,0.0,Morning Star (Red Rising #3),Default,https://books.toscrape.com/catalogue/morning-star-red-rising-3_196/index.html,In stock (3 available),0,True,3,0
7980fa06f2b704d8,Books,57.83,57.83,0.0,"Miracles from Heaven: A Little Girl, Her Journey to Heaven, and Her Amazing Story of Healing",Nonfiction,https://books.toscrape.com/catalogue/miracles-from-heaven-a-little-girl-her-journey-to-heaven-and-her-amazing-story-of-healing_195/index.html,In stock (3 available),0,True,3,0
e9056f9b5a40a301,Books,55.46,55.46,0.0,Midnight Riot (Peter Grant/ Rivers of London - books #1),Fantasy,https://books.toscrape.com/catalogue/midnight-riot-peter-grant-rivers-of-london-books-1_194/index.html,In stock (3 available),0,True,3,0
abc4a7ee16c21088,Books,57.6,57.6,0.0,Me Talk Pretty One Day,Autobiography,https://books.toscrape.com/catalogue/me-talk-pretty-one-day_193/index.html,In stock (3 available),0,True,3,0
546da23278482b0a,Books,34.98,34.98,0.0,Manuscript Found in Accra,Add a comment,https://books.toscrape.com/catalogue/manuscript-found-in-accra_192/index.html,In stock (3 available),0,True,3,0
0dcadb06206abd3c,Books,11.87,11.87,0.0,Lust & Wonder,Autobiography,https://books.toscrape.com/catalogue/lust-wonder_191/index.html,In stock (3 available),0,True,3,0
4ef75307fb64e2ad,Books,12.47,12.47,0.0,Lila (Gilead #3),Fiction,https://books.toscrape.com/catalogue/lila-gilead-3_190/index.html,In stock (3 available),0,True,3,0
4b3f4f151c99f472,Books,33.26,33.26,0.0,"Life, the Universe and Everything (Hitchhiker's Guide to the Galaxy #3)",Science Fiction,https://books.toscrape.com/catalogue/life-the-universe-and-everything-hitchhikers-guide-to-the-galaxy-3_189/index.html,In stock (3 available),0,True,3,0
c53d9fefcda371e9,Books,59.04,59.04,0.0,Life Without a Recipe,Autobiography,https://books.toscrape.com/catalogue/life-without-a-recipe_188/index.html,In stock (3 available),0,True,3,0
4ec53ff7e2263f32,Books,26.13,26.13,0.0,Life After Life,Default,https://books.toscrape.com/catalogue/life-after-life_187/index.html,In stock (3 available),0,True,3,0
1de75f05d57bfc10,Books,22.2,22.2,0.0,Letter to a Christian Nation,Nonfiction,https://books.toscrape.com/catalogue/letter-to-a-christian-nation_186/index.html,In stock (3 available),0,True,3,0
1246e4ffeb5ac4ea,Books,45.11,45.11,0.0,Let's Pretend This Never Happened: A Mostly True Memoir,Nonfiction,https://books.toscrape.com/catalogue/lets-pretend-this-never-happened-a-mostly-true-memoir_185/index.html,In stock (3 available),0,True,3,0
0ce8075fab4a2b5b,Books,43.69,43.69,0.0,Legend (Legend #1),Young Adult,https://books.toscrape.com/catalogue/legend-legend-1_184/index.html,In stock (3 available),0,True,3,0
d5e1a9bfe22bbf9f,Books,25.02,25.02,0.0,"Lean In: Women, Work, and the Will to Lead",Default,https://books.toscrape.com/catalogue/lean-in-women-work-and-the-will-to-lead_183/index.html,In stock (3 available),0,True,3,0
190fbebbf798c31a,Books,55.5,55.5,0.0,"Lamb: The Gospel According to Biff, Christ's Childhood Pal",Humor,https://books.toscrape.com/catalogue/lamb-the-gospel-according-to-biff-christs-childhood-pal_182/index.html,In stock (3 available),0,True,3,0
16e843e6b853cc2f,Books,53.04,53.04,0.0,Lady Renegades (Rebel Belle #3),Young Adult,https://books.toscrape.com/catalogue/lady-renegades-rebel-belle-3_181/index.html,In stock (3 available),0,True,3,0
a0dd11f6abc421ec,Books,44.97,44.97,0.0,Jurassic Park (Jurassic Park #1),Fiction,https://books.toscrape.com/catalogue/jurassic-park-jurassic-park-1_180/index.html,In stock (3 available),0,True,3,0
d4a29356fc992879,Books,42.38,42.38,0.0,It's Never Too Late to Begin Again: Discovering Creativity and Meaning at Midlife and Beyond,Nonfiction,https://books.toscrape.com/catalogue/its-never-too-late-to-begin-again-discovering-creativity-and-meaning-at-midlife-and-beyond_179/index.html,In stock (3 available),0,True,3,0
034829ffdd0a0aea,Books,20.11,20.11,0.0,Is Everyone Hanging Out Without Me? (And Other Concerns),Default,https://books.toscrape.com/catalogue/is-everyone-hanging-out-without-me-and-other-concerns_178/index.html,In stock (3 available),0,True,3,0
a7c3f1010d64799a,Books,56.7,56.7,0.0,Into the Wild,Nonfiction,https://books.toscrape.com/catalogue/into-the-wild_177/index.html,In stock (3 available),0,True,3,0
6c4646d90b60a56c,Books,41.0,41.0,0.0,Inferno (Robert Langdon #4),Fiction,https://books.toscrape.com/catalogue/inferno-robert-langdon-4_176/index.html,In stock (3 available),0,True,3,0
d8292cd5f1aca291,Books,28.85,28.85,0.0,"In the Garden of Beasts: Love, Terror, and an American Family in Hitler's Berlin",Nonfiction,https://books.toscrape.com/catalogue/in-the-garden-of-beasts-love-terror-and-an-american-family-in-hitlers-berlin_175/index.html,In stock (3 available),0,True,3,0
61569d12d4ae7161,Books,49.97,49.97,0.0,If I Run (If I Run #1),Christian Fiction,https://books.toscrape.com/catalogue/if-i-run-if-i-run-1_174/index.html,In stock (3 available),0,True,3,0
6b32b561dab8036c,Books,19.69,19.69,0.0,I've Got Your Number,Womens Fiction,https://books.toscrape.com/catalogue/ive-got-your-number_173/index.html,In stock (3 available),0,True,3,0
8010c7c148057fd3,Books,28.88,28.88,0.0,I Am Malala: The Girl Who Stood Up for Education and Was Shot by the Taliban,Nonfiction,https://books.toscrape.com/catalogue/i-am-malala-the-girl-who-stood-up-for-education-and-was-shot-by-the-taliban_172/index.html,In stock (3 available),0,True,3,0
6c4d17a46cac8787,Books,33.14,33.14,0.0,Hungry Girl Clean & Hungry: Easy All-Natural Recipes for Healthy Eating in the Real World,Food and Drink,https://books.toscrape.com/catalogue/hungry-girl-clean-hungry-easy-all-natural-recipes-for-healthy-eating-in-the-real-world_171/index.html,In stock (3 available),0,True,3,0
1812b8f5641287e3,Books,43.7,43.7,0.0,"House of Lost Worlds: Dinosaurs, Dynasties, and the Story of Life on Earth",History,https://books.toscrape.com/catalogue/house-of-lost-worlds-dinosaurs-dynasties-and-the-story-of-life-on-earth_170/index.html,In stock (3 available),0,True,3,0
557c03c284be1bf2,Books,54.89,54.89,0.0,House of Leaves,Horror,https://books.toscrape.com/catalogue/house-of-leaves_169/index.html,In stock (3 available),0,True,3,0
cc1ac978a6835ef6,Books,37.52,37.52,0.0,Horrible Bear!,Childrens,https://books.toscrape.com/catalogue/horrible-bear_168/index.html,In stock (3 available),0,True,3,0
0cb4856be3694a57,Books,51.07,51.07,0.0,Holidays on Ice,Humor,https://books.toscrape.com/catalogue/holidays-on-ice_167/index.html,In stock (3 available),0,True,3,0
b003f8bb02f76dc5,Books,44.07,44.07,0.0,Heir to the Sky,Fantasy,https://books.toscrape.com/catalogue/heir-to-the-sky_166/index.html,In stock (3 available),0,True,3,0
621e2c310cec8d32,Books,10.79,10.79,0.0,Green Eggs and Ham (Beginner Books B-16),Childrens,https://books.toscrape.com/catalogue/green-eggs-and-ham-beginner-books-b-16_165/index.html,In stock (3 available),0,True,3,0
4f6985aca357ae09,Books,42.72,42.72,0.0,"Grayson, Vol 3: Nemesis (Grayson #3)",Sequential Art,https://books.toscrape.com/catalogue/grayson-vol-3-nemesis-grayson-3_164/index.html,In stock (3 available),0,True,3,0
c300cc9326592b65,Books,26.66,26.66,0.0,Gratitude,Nonfiction,https://books.toscrape.com/catalogue/gratitude_163/index.html,In stock (3 available),0,True,3,0
d5c588b6f9c015e4,Books,37.6,37.6,0.0,Gone Girl,Default,https://books.toscrape.com/catalogue/gone-girl_162/index.html,In stock (3 available),0,True,3,0
984b3b6e7479b571,Books,42.21,42.21,0.0,Golden (Heart of Dread #3),Young Adult,https://books.toscrape.com/catalogue/golden-heart-of-dread-3_161/index.html,In stock (3 available),0,True,3,0
41fc5dce044f16f5,Books,46.83,46.83,0.0,Girl in the Blue Coat,Historical Fiction,https://books.toscrape.com/catalogue/girl-in-the-blue-coat_160/index.html,In stock (3 available),0,True,3,0
d5f5a122a593b580,Books,45.17,45.17,0.0,"Fruits Basket, Vol. 3 (Fruits Basket #3)",Sequential Art,https://books.toscrape.com/catalogue/fruits-basket-vol-3-fruits-basket-3_159/index.html,In stock (3 available),0,True,3,0
a9aa3ed5b316470b,Books,51.22,51.22,0.0,"Friday Night Lights: A Town, a Team, and a Dream",Sports and Games,https://books.toscrape.com/catalogue/friday-night-lights-a-town-a-team-and-a-dream_158/index.html,In stock (3 available),0,True,3,0
2ed3a794a70aa85f,Books,21.28,21.28,0.0,Fire Bound (Sea Haven/Sisters of the Heart #5),Add a comment,https://books.toscrape.com/catalogue/fire-bound-sea-havensisters-of-the-heart-5_157/index.html,In stock (3 available),0,True,3,0
ed813a848580ba50,Books,15.36,15.36,0.0,Fifty Shades Freed (Fifty Shades #3),Adult Fiction,https://books.toscrape.com/catalogue/fifty-shades-freed-fifty-shades-3_156/index.html,In stock (3 available),0,True,3,0
147019cae600694e,Books,38.62,38.62,0.0,Fellside,Default,https://books.toscrape.com/catalogue/fellside_155/index.html,In stock (3 available),0,True,3,0
588ba85ff11a3263,Books,25.4,25.4,0.0,Extreme Prey (Lucas Davenport #26),Mystery,https://books.toscrape.com/catalogue/extreme-prey-lucas-davenport-26_154/index.html,In stock (3 available),0,True,3,0
b843f52a986a2914,Books,43.87,43.87,0.0,Eragon (The Inheritance Cycle #1),Fantasy,https://books.toscrape.com/catalogue/eragon-the-inheritance-cycle-1_153/index.html,In stock (3 available),0,True,3,0
73f71f9556442117,Books,18.74,18.74,0.0,Eclipse (Twilight #3),Default,https://books.toscrape.com/catalogue/eclipse-twilight-3_152/index.html,In stock (3 available),0,True,3,0
36d5884d44484277,Books,54.86,54.86,0.0,Dune (Dune #1),Science Fiction,https://books.toscrape.com/catalogue/dune-dune-1_151/index.html,In stock (3 available),0,True,3,0
a7ec599c1a547746,Books,52.62,52.62,0.0,Dracula,Default,https://books.toscrape.com/catalogue/dracula_150/index.html,In stock (3 available),0,True,3,0
98330e431e56a9ea,Books,51.48,51.48,0.0,Do Androids Dream of Electric Sheep? (Blade Runner #1),Science Fiction,https://books.toscrape.com/catalogue/do-androids-dream-of-electric-sheep-blade-runner-1_149/index.html,In stock (3 available),0,True,3,0
81372abc86f65c79,Books,15.28,15.28,0.0,Disrupted: My Misadventure in the Start-Up Bubble,Nonfiction,https://books.toscrape.com/catalogue/disrupted-my-misadventure-in-the-start-up-bubble_148/index.html,In stock (3 available),0,True,3,0
04d858cdeeee0da4,Books,39.24,39.24,0.0,Dead Wake: The Last Crossing of the Lusitania,Default,https://books.toscrape.com/catalogue/dead-wake-the-last-crossing-of-the-lusitania_147/index.html,In stock (3 available),0,True,3,0
d234ddecef49ef4e,Books,17.81,17.81,0.0,"David and Goliath: Underdogs, Misfits, and the Art of Battling Giants",Default,https://books.toscrape.com/catalogue/david-and-goliath-underdogs-misfits-and-the-art-of-battling-giants_146/index.html,In stock (3 available),0,True,3,0
468bd274ac084bb9,Books,56.02,56.02,0.0,Darkfever (Fever #1),Fantasy,https://books.toscrape.com/catalogue/darkfever-fever-1_145/index.html,In stock (3 available),0,True,3,0
66937c669c4da072,Books,23.9,23.9,0.0,Dark Places,Default,https://books.toscrape.com/catalogue/dark-places_144/index.html,In stock (3 available),0,True,3,0
c9782ad2a0ed9331,Books,49.13,49.13,0.0,Crazy Rich Asians (Crazy Rich Asians #1),Fiction,https://books.toscrape.com/catalogue/crazy-rich-asians-crazy-rich-asians-1_143/index.html,In stock (3 available),0,True,3,0
157f693d9e600ccc,Books,10.62,10.62,0.0,Counting Thyme,Childrens,https://books.toscrape.com/catalogue/counting-thyme_142/index.html,In stock (3 available),0,True,3,0
dbe33cf29ef1623d,Books,36.17,36.17,0.0,Cosmos,Add a comment,https://books.toscrape.com/catalogue/cosmos_141/index.html,In stock (3 available),0,True,3,0
396385e3de5d18c3,Books,59.95,59.95,0.0,Civilization and Its Discontents,Psychology,https://books.toscrape.com/catalogue/civilization-and-its-discontents_140/index.html,In stock (3 available),0,True,3,0
7e9579921e5407cb,Books,26.09,26.09,0.0,Cinder (The Lunar Chronicles #1),Young Adult,https://books.toscrape.com/catalogue/cinder-the-lunar-chronicles-1_139/index.html,In stock (3 available),0,True,3,0
ef49db2aaa9bb547,Books,37.35,37.35,0.0,Catastrophic Happiness: Finding Joy in Childhood's Messy Years,Parenting,https://books.toscrape.com/catalogue/catastrophic-happiness-finding-joy-in-childhoods-messy-years_138/index.html,In stock (3 available),0,True,3,0
b461cf238506c5b8,Books,24.72,24.72,0.0,Career of Evil (Cormoran Strike #3),Mystery,https://books.toscrape.com/catalogue/career-of-evil-cormoran-strike-3_137/index.html,In stock (3 available),0,True,3,0
bbfc4a3b7b6c94a0,Books,35.28,35.28,0.0,Breaking Dawn (Twilight #4),Default,https://books.toscrape.com/catalogue/breaking-dawn-twilight-4_136/index.html,In stock (3 available),0,True,3,0
fd2337c1b73b686e,Books,51.32,51.32,0.0,Brave Enough,Nonfiction,https://books.toscrape.com/catalogue/brave-enough_135/index.html,In stock (3 available),0,True,3,0
8e0bc2fe4e7d35b5,Books,21.12,21.12,0.0,Boy Meets Boy,Young Adult,https://books.toscrape.com/catalogue/boy-meets-boy_134/index.html,In stock (3 available),0,True,3,0
e256de8aa0c2115f,Books,27.35,27.35,0.0,"Born to Run: A Hidden Tribe, Superathletes, and the Greatest Race the World Has Never Seen",Nonfiction,https://books.toscrape.com/catalogue/born-to-run-a-hidden-tribe-superathletes-and-the-greatest-race-the-world-has-never-seen_133/index.html,In stock (3 available),0,True,3,0
0bbc48294707ba96,Books,21.74,21.74,0.0,Blink: The Power of Thinking Without Thinking,Nonfiction,https://books.toscrape.com/catalogue/blink-the-power-of-thinking-without-thinking_132/index.html,In stock (3 available),0,True,3,0
860318b8e244f39c,Books,40.87,40.87,0.0,Black Flags: The Rise of ISIS,Nonfiction,https://books.toscrape.com/catalogue/black-flags-the-rise-of-isis_131/index.html,In stock (3 available),0,True,3,0
15f415d436888b2d,Books,49.31,49.31,0.0,"Black Butler, Vol. 1 (Black Butler #1)",Sequential Art,https://books.toscrape.com/catalogue/black-butler-vol-1-black-butler-1_130/index.html,In stock (3 available),0,True,3,0
d3f9c4539c0caa64,Books,22.11,22.11,0.0,Big Little Lies,Fiction,https://books.toscrape.com/catalogue/big-little-lies_129/index.html,In stock (3 available),0,True,3,0
155e42df837ee5ff,Books,20.79,20.79,0.0,Between Shades of Gray,Historical Fiction,https://books.toscrape.com/catalogue/between-shades-of-gray_128/index.html,In stock (3 available),0,True,3,0
67dea6c75d6a1075,Books,27.41,27.41,0.0,Best of My Love (Fool's Gold #20),Romance,https://books.toscrape.com/catalogue/best-of-my-love-fools-gold-20_127/index.html,In stock (3 available),0,True,3,0
3fb69f34e178d494,Books,38.35,38.35,0.0,Beowulf,Classics,https://books.toscrape.com/catalogue/beowulf_126/index.html,In stock (3 available),0,True,3,0
5439bae708bca198,Books,21.55,21.55,0.0,Beautiful Creatures (Caster Chronicles #1),Default,https://books.toscrape.com/catalogue/beautiful-creatures-caster-chronicles-1_125/index.html,In stock (3 available),0,True,3,0
1d89a2aa9f6ce50f,Books,38.02,38.02,0.0,Awkward,Sequential Art,https://books.toscrape.com/catalogue/awkward_124/index.html,In stock (3 available),0,True,3,0
5d22e2a46604b6e7,Books,22.06,22.06,0.0,Ash,Fantasy,https://books.toscrape.com/catalogue/ash_123/index.html,In stock (3 available),0,True,3,0
ef9c4f2465513956,Books,10.66,10.66,0.0,Are We There Yet?,Childrens,https://books.toscrape.com/catalogue/are-we-there-yet_122/index.html,In stock (3 available),0,True,3,0
da0349a87c8caa2f,Books,56.58,56.58,0.0,Are We Smart Enough to Know How Smart Animals Are?,Nonfiction,https://books.toscrape.com/catalogue/are-we-smart-enough-to-know-how-smart-animals-are_121/index.html,In stock (3 available),0,True,3,0
7bf87402413c27ff,Books,36.83,36.83,0.0,Annie on My Mind,Young Adult,https://books.toscrape.com/catalogue/annie-on-my-mind_120/index.html,In stock (3 available),0,True,3,0
cfe350b20d23b02b,Books,35.01,35.01,0.0,And Then There Were None,Classics,https://books.toscrape.com/catalogue/and-then-there-were-none_119/index.html,In stock (3 available),0,True,3,0
bcee4f289ff6699c,Books,30.48,30.48,0.0,A Walk in the Woods: Rediscovering America on the Appalachian Trail,Nonfiction,https://books.toscrape.com/catalogue/a-walk-in-the-woods-rediscovering-america-on-the-appalachian-trail_118/index.html,In stock (3 available),0,True,3,0
5dbd6ec4e154ad2f,Books,14.08,14.08,0.0,A Visit from the Goon Squad,Default,https://books.toscrape.com/catalogue/a-visit-from-the-goon-squad_117/index.html,In stock (3 available),0,True,3,0
87beabf664115d79,Books,31.22,31.22,0.0,A Storm of Swords (A Song of Ice and Fire #3),Fantasy,https://books.toscrape.com/catalogue/a-storm-of-swords-a-song-of-ice-and-fire-3_116/index.html,In stock (3 available),0,True,3,0
c9770bb1d5a492a0,Books,54.29,54.29,0.0,A Heartbreaking Work of Staggering Genius,Autobiography,https://books.toscrape.com/catalogue/a-heartbreaking-work-of-staggering-genius_115/index.html,In stock (3 available),0,True,3,0
f5873c8fc7760000,Books,31.04,31.04,0.0,8 Keys to Mental Health Through Exercise,Psychology,https://books.toscrape.com/catalogue/8-keys-to-mental-health-through-exercise_114/index.html,In stock (3 available),0,True,3,0
165affa7adb5eded,Books,50.96,50.96,0.0,#GIRLBOSS,Add a comment,https://books.toscrape.com/catalogue/girlboss_113/index.html,In stock (3 available),0,True,3,0
d2185b65af52d68c,Books,11.89,11.89,0.0,"The Suffragettes (Little Black Classics, #96)",Nonfiction,https://books.toscrape.com/catalogue/the-suffragettes-little-black-classics-96_112/index.html,In stock (2 available),0,True,2,0
4130678275eb7c8c,Books,31.38,31.38,0.0,The Sense of an Ending,Add a comment,https://books.toscrape.com/catalogue/the-sense-of-an-ending_111/index.html,In stock (2 available),0,True,2,0
276dc716b1da8899,Books,54.81,54.81,0.0,"The Sandman, Vol. 2: The Doll's House (The Sandman (volumes) #2)",Sequential Art,https://books.toscrape.com/catalogue/the-sandman-vol-2-the-dolls-house-the-sandman-volumes-2_110/index.html,In stock (2 available),0,True,2,0
f3c76b53b239f511,Books,16.78,16.78,0.0,The Course of Love,Fiction,https://books.toscrape.com/catalogue/the-course-of-love_109/index.html,In stock (2 available),0,True,2,0
ce42e3de94226b2b,Books,24.42,24.42,0.0,Sugar Rush (Offensive Line #2),Sports and Games,https://books.toscrape.com/catalogue/sugar-rush-offensive-line-2_108/index.html,In stock (2 available),0,True,2,0
9189fd009df41d0e,Books,11.75,11.75,0.0,"Saga, Volume 2 (Saga (Collected Editions) #2)",Sequential Art,https://books.toscrape.com/catalogue/saga-volume-2-saga-collected-editions-2_107/index.html,In stock (2 available),0,True,2,0
b0e479be03911916,Books,20.02,20.02,0.0,"Run, Spot, Run: The Ethics of Keeping Pets",Philosophy,https://books.toscrape.com/catalogue/run-spot-run-the-ethics-of-keeping-pets_106/index.html,In stock (2 available),0,True,2,0
6fa3ea52c8e31e06,Books,12.86,12.86,0.0,New Moon (Twilight #2),Young Adult,https://books.toscrape.com/catalogue/new-moon-twilight-2_105/index.html,In stock (2 available),0,True,2,0
637e5a45062aa548,Books,31.58,31.58,0.0,Life,Music,https://books.toscrape.com/catalogue/life_104/index.html,In stock (2 available),0,True,2,0
fb495f9f9015a772,Books,34.0,34.0,0.0,Kindle Paperwhite User's Guide,Nonfiction,https://books.toscrape.com/catalogue/kindle-paperwhite-users-guide_103/index.html,In stock (2 available),0,True,2,0
b6d3f4f4ee1f6069,Books,57.42,57.42,0.0,H is for Hawk,Nonfiction,https://books.toscrape.com/catalogue/h-is-for-hawk_102/index.html,In stock (2 available),0,True,2,0
97b8f130d32e9f4e,Books,53.47,53.47,0.0,Girl Online On Tour (Girl Online #2),Young Adult,https://books.toscrape.com/catalogue/girl-online-on-tour-girl-online-2_101/index.html,In stock (2 available),0,True,2,0
c0db71f6bb14db11,Books,11.64,11.64,0.0,"Fruits Basket, Vol. 2 (Fruits Basket #2)",Sequential Art,https://books.toscrape.com/catalogue/fruits-basket-vol-2-fruits-basket-2_100/index.html,In stock (2 available),0,True,2,0
d7b463918d3b8c39,Books,52.88,52.88,0.0,Diary of a Minecraft Zombie Book 1: A Scare of a Dare (An Unofficial Minecraft Book),Childrens,https://books.toscrape.com/catalogue/diary-of-a-minecraft-zombie-book-1-a-scare-of-a-dare-an-unofficial-minecraft-book_99/index.html,In stock (2 available),0,True,2,0
09d26b5f819c6a36,Books,18.51,18.51,0.0,"Y: The Last Man, Vol. 1: Unmanned (Y: The Last Man #1)",Sequential Art,https://books.toscrape.com/catalogue/y-the-last-man-vol-1-unmanned-y-the-last-man-1_98/index.html,In stock (1 available),0,True,1,0
8ceb5c6aed2c5f8b,Books,41.32,41.32,0.0,While You Were Mine,Historical Fiction,https://books.toscrape.com/catalogue/while-you-were-mine_97/index.html,In stock (1 available),0,True,1,0
def389ddfda6991b,Books,39.77,39.77,0.0,Where Lightning Strikes (Bleeding Stars #3),Romance,https://books.toscrape.com/catalogue/where-lightning-strikes-bleeding-stars-3_96/index.html,In stock (1 available),0,True,1,0
c5f91eb481427dc5,Books,51.96,51.96,0.0,When I'm Gone,Fiction,https://books.toscrape.com/catalogue/when-im-gone_95/index.html,In stock (1 available),0,True,1,0
66a4e422b212726a,Books,39.51,39.51,0.0,Ways of Seeing,Art,https://books.toscrape.com/catalogue/ways-of-seeing_94/index.html,In stock (1 available),0,True,1,0
e7e87087b1a44711,Books,15.4,15.4,0.0,"Vampire Knight, Vol. 1 (Vampire Knight #1)",Paranormal,https://books.toscrape.com/catalogue/vampire-knight-vol-1-vampire-knight-1_93/index.html,In stock (1 available),0,True,1,0
dab5e75d1339706a,Books,53.82,53.82,0.0,Vampire Girl (Vampire Girl #1),Fantasy,https://books.toscrape.com/catalogue/vampire-girl-vampire-girl-1_92/index.html,In stock (1 available),0,True,1,0
e63c3f25338baf9a,Books,30.95,30.95,0.0,Twenty Love Poems and a Song of Despair,Poetry,https://books.toscrape.com/catalogue/twenty-love-poems-and-a-song-of-despair_91/index.html,In stock (1 available),0,True,1,0
0268f149d014b389,Books,57.82,57.82,0.0,Travels with Charley: In Search of America,Nonfiction,https://books.toscrape.com/catalogue/travels-with-charley-in-search-of-america_90/index.html,In stock (1 available),0,True,1,0
460f97a346b44bac,Books,44.18,44.18,0.0,Three Wishes (River of Time: California #1),Science Fiction,https://books.toscrape.com/catalogue/three-wishes-river-of-time-california-1_89/index.html,In stock (1 available),0,True,1,0
d6d98d3508c30f57,Books,48.71,48.71,0.0,This One Moment (Pushing Limits #1),Romance,https://books.toscrape.com/catalogue/this-one-moment-pushing-limits-1_88/index.html,In stock (1 available),0,True,1,0
9c96cd1329fbd82d,Books,19.69,19.69,0.0,The Zombie Room,Default,https://books.toscrape.com/catalogue/the-zombie-room_87/index.html,In stock (1 available),0,True,1,0
dac9d1e654fac737,Books,36.52,36.52,0.0,"The Wicked + The Divine, Vol. 1: The Faust Act (The Wicked + The Divine)",Sequential Art,https://books.toscrape.com/catalogue/the-wicked-the-divine-vol-1-the-faust-act-the-wicked-the-divine_86/index.html,In stock (1 available),0,True,1,0
6514add13c82b115,Books,41.56,41.56,0.0,The Tumor,Nonfiction,https://books.toscrape.com/catalogue/the-tumor_85/index.html,In stock (1 available),0,True,1,0
32d035df92ab9080,Books,43.19,43.19,0.0,The Story of Hong Gildong,Classics,https://books.toscrape.com/catalogue/the-story-of-hong-gildong_84/index.html,In stock (1 available),0,True,1,0
b78deb463531d078,Books,12.34,12.34,0.0,The Silent Wife,Fiction,https://books.toscrape.com/catalogue/the-silent-wife_83/index.html,In stock (1 available),0,True,1,0
9e9932ae1a7d0943,Books,36.25,36.25,0.0,The Silent Twin (Detective Jennifer Knight #3),Fantasy,https://books.toscrape.com/catalogue/the-silent-twin-detective-jennifer-knight-3_82/index.html,In stock (1 available),0,True,1,0
6f2c0a9adbb2bca9,Books,29.45,29.45,0.0,The Selfish Gene,Science,https://books.toscrape.com/catalogue/the-selfish-gene_81/index.html,In stock (1 available),0,True,1,0
38f776ab9118aed7,Books,34.56,34.56,0.0,The Secret Healer,Historical Fiction,https://books.toscrape.com/catalogue/the-secret-healer_80/index.html,In stock (1 available),0,True,1,0
5faefdc861684eb1,Books,54.12,54.12,0.0,"The Sandman, Vol. 1: Preludes and Nocturnes (The Sandman (volumes) #1)",Sequential Art,https://books.toscrape.com/catalogue/the-sandman-vol-1-preludes-and-nocturnes-the-sandman-volumes-1_79/index.html,In stock (1 available),0,True,1,0
0ec9d2b018fb10d8,Books,33.78,33.78,0.0,The Republic,Add a comment,https://books.toscrape.com/catalogue/the-republic_78/index.html,In stock (1 available),0,True,1,0
f0512adadffd2480,Books,29.64,29.64,0.0,The Odyssey,Add a comment,https://books.toscrape.com/catalogue/the-odyssey_77/index.html,In stock (1 available),0,True,1,0
b0913e67d38d5ed5,Books,57.7,57.7,0.0,The No. 1 Ladies' Detective Agency (No. 1 Ladies' Detective Agency #1),Mystery,https://books.toscrape.com/catalogue/the-no-1-ladies-detective-agency-no-1-ladies-detective-agency-1_76/index.html,In stock (1 available),0,True,1,0
5c10b64db3e4f228,Books,36.34,36.34,0.0,The Nicomachean Ethics,Philosophy,https://books.toscrape.com/catalogue/the-nicomachean-ethics_75/index.html,In stock (1 available),0,True,1,0
c8614adb1a90b027,Books,50.59,50.59,0.0,The Name of the Wind (The Kingkiller Chronicle #1),Default,https://books.toscrape.com/catalogue/the-name-of-the-wind-the-kingkiller-chronicle-1_74/index.html,In stock (1 available),0,True,1,0
c40b70e0f6d80189,Books,29.38,29.38,0.0,The Mirror & the Maze (The Wrath and the Dawn #1.5),Fantasy,https://books.toscrape.com/catalogue/the-mirror-the-maze-the-wrath-and-the-dawn-15_73/index.html,In stock (1 available),0,True,1,0
1aeca7d078d57deb,Books,45.42,45.42,0.0,The Little Prince,Classics,https://books.toscrape.com/catalogue/the-little-prince_72/index.html,In stock (1 available),0,True,1,0
04e43893e32f9d29,Books,54.43,54.43,0.0,The Light of the Fireflies,Add a comment,https://books.toscrape.com/catalogue/the-light-of-the-fireflies_71/index.html,In stock (1 available),0,True,1,0
16c71736dae78764,Books,36.26,36.26,0.0,The Last Girl (The Dominion Trilogy #1),Science Fiction,https://books.toscrape.com/catalogue/the-last-girl-the-dominion-trilogy-1_70/index.html,In stock (1 available),0,True,1,0
86d8bd7afa5b51b3,Books,16.16,16.16,0.0,The Iliad,Add a comment,https://books.toscrape.com/catalogue/the-iliad_69/index.html,In stock (1 available),0,True,1,0
6e473eff459e809f,Books,36.29,36.29,0.0,The Hook Up (Game On #1),New Adult,https://books.toscrape.com/catalogue/the-hook-up-game-on-1_68/index.html,In stock (1 available),0,True,1,0
fff8a057a40c4a60,Books,27.89,27.89,0.0,The Haters,Young Adult,https://books.toscrape.com/catalogue/the-haters_67/index.html,In stock (1 available),0,True,1,0
4280ac3eab57aa5d,Books,12.29,12.29,0.0,The Girl You Lost,Mystery,https://books.toscrape.com/catalogue/the-girl-you-lost_66/index.html,In stock (1 available),0,True,1,0
ee61197edb882599,Books,15.85,15.85,0.0,The Girl In The Ice (DCI Erika Foster #1),Mystery,https://books.toscrape.com/catalogue/the-girl-in-the-ice-dci-erika-foster-1_65/index.html,In stock (1 available),0,True,1,0
09659d1639a1f978,Books,14.4,14.4,0.0,The End of the Jesus Era (An Investigation #1),Nonfiction,https://books.toscrape.com/catalogue/the-end-of-the-jesus-era-an-investigation-1_64/index.html,In stock (1 available),0,True,1,0
29fc016c459aeb14,Books,19.18,19.18,0.0,The Edge of Reason (Bridget Jones #2),Womens Fiction,https://books.toscrape.com/catalogue/the-edge-of-reason-bridget-jones-2_63/index.html,In stock (1 available),0,True,1,0
3301af038a720587,Books,10.64,10.64,0.0,The Complete Maus (Maus #1-2),Sequential Art,https://books.toscrape.com/catalogue/the-complete-maus-maus-1-2_62/index.html,In stock (1 available),0,True,1,0
18b4545a5ed15581,Books,14.76,14.76,0.0,The Communist Manifesto,Add a comment,https://books.toscrape.com/catalogue/the-communist-manifesto_61/index.html,In stock (1 available),0,True,1,0
f3a0b8c835129558,Books,57.49,57.49,0.0,The Bhagavad Gita,Religion,https://books.toscrape.com/catalogue/the-bhagavad-gita_60/index.html,In stock (1 available),0,True,1,0
dfb0849016bc122c,Books,30.66,30.66,0.0,The Bette Davis Club,Fiction,https://books.toscrape.com/catalogue/the-bette-davis-club_59/index.html,In stock (1 available),0,True,1,0
5bc1fbccfbf2355c,Books,40.83,40.83,0.0,The Art of Not Breathing,Young Adult,https://books.toscrape.com/catalogue/the-art-of-not-breathing_58/index.html,In stock (1 available),0,True,1,0
a7eef9d6795422c1,Books,18.88,18.88,0.0,Taking Shots (Assassins #1),Default,https://books.toscrape.com/catalogue/taking-shots-assassins-1_57/index.html,In stock (1 available),0,True,1,0
e25164e5b3fe208b,Books,25.83,25.83,0.0,Starlark,Historical Fiction,https://books.toscrape.com/catalogue/starlark_56/index.html,In stock (1 available),0,True,1,0
2ac720f76384c57e,Books,42.12,42.12,0.0,"Skip Beat!, Vol. 01 (Skip Beat! #1)",Sequential Art,https://books.toscrape.com/catalogue/skip-beat-vol-01-skip-beat-1_55/index.html,In stock (1 available),0,True,1,0
3a9a7c5895e82646,Books,13.33,13.33,0.0,Sister Sable (The Mad Queen #1),Fantasy,https://books.toscrape.com/catalogue/sister-sable-the-mad-queen-1_54/index.html,In stock (1 available),0,True,1,0
9ed7090d8fa690b0,Books,42.4,42.4,0.0,Shatter Me (Shatter Me #1),Default,https://books.toscrape.com/catalogue/shatter-me-shatter-me-1_53/index.html,In stock (1 available),0,True,1,0
c068c013d6921fea,Books,58.35,58.35,0.0,Shameless,New Adult,https://books.toscrape.com/catalogue/shameless_52/index.html,In stock (1 available),0,True,1,0
229cd6564bf0dce4,Books,21.72,21.72,0.0,Shadow Rites (Jane Yellowrock #10),Fantasy,https://books.toscrape.com/catalogue/shadow-rites-jane-yellowrock-10_51/index.html,In stock (1 available),0,True,1,0
132adf7335bb384a,Books,44.91,44.91,0.0,Settling the Score (The Summer Games #1),Sports and Games,https://books.toscrape.com/catalogue/settling-the-score-the-summer-games-1_50/index.html,In stock (1 available),0,True,1,0
35e44170702139a4,Books,37.46,37.46,0.0,Sense and Sensibility,Classics,https://books.toscrape.com/catalogue/sense-and-sensibility_49/index.html,In stock (1 available),0,True,1,0
4f64568dfefa3ce7,Books,28.48,28.48,0.0,"Saga, Volume 1 (Saga (Collected Editions) #1)",Sequential Art,https://books.toscrape.com/catalogue/saga-volume-1-saga-collected-editions-1_48/index.html,In stock (1 available),0,True,1,0
9efb397067eb7e8a,Books,28.34,28.34,0.0,"Rhythm, Chord & Malykhin",Romance,https://books.toscrape.com/catalogue/rhythm-chord-malykhin_47/index.html,In stock (1 available),0,True,1,0
3cdca3b4a93980f5,Books,46.96,46.96,0.0,"Rat Queens, Vol. 1: Sass & Sorcery (Rat Queens (Collected Editions) #1-5)",Sequential Art,https://books.toscrape.com/catalogue/rat-queens-vol-1-sass-sorcery-rat-queens-collected-editions-1-5_46/index.html,In stock (1 available),0,True,1,0
849db7ab7f4a640c,Books,24.96,24.96,0.0,Paradise Lost (Paradise #1),Default,https://books.toscrape.com/catalogue/paradise-lost-paradise-1_45/index.html,In stock (1 available),0,True,1,0
bcbcbcf0f6ed196f,Books,21.71,21.71,0.0,"Paper Girls, Vol. 1 (Paper Girls #1-5)",Sequential Art,https://books.toscrape.com/catalogue/paper-girls-vol-1-paper-girls-1-5_44/index.html,In stock (1 available),0,True,1,0
326825e02a198cf6,Books,29.87,29.87,0.0,"Ouran High School Host Club, Vol. 1 (Ouran High School Host Club #1)",Sequential Art,https://books.toscrape.com/catalogue/ouran-high-school-host-club-vol-1-ouran-high-school-host-club-1_43/index.html,In stock (1 available),0,True,1,0
8932e5c12f12ffed,Books,28.99,28.99,0.0,Origins (Alphas 0.5),Fantasy,https://books.toscrape.com/catalogue/origins-alphas-05_42/index.html,In stock (1 available),0,True,1,0
7ea31f38675b91c1,Books,52.94,52.94,0.0,One Second (Seven #7),Fantasy,https://books.toscrape.com/catalogue/one-second-seven-7_41/index.html,In stock (1 available),0,True,1,0
9ff997ab15713e53,Books,32.36,32.36,0.0,On the Road (Duluoz Legend),Default,https://books.toscrape.com/catalogue/on-the-road-duluoz-legend_40/index.html,In stock (1 available),0,True,1,0
a1985630339f4b3d,Books,55.66,55.66,0.0,Old Records Never Die: One Man's Quest for His Vinyl and His Past,Music,https://books.toscrape.com/catalogue/old-records-never-die-one-mans-quest-for-his-vinyl-and-his-past_39/index.html,In stock (1 available),0,True,1,0
b6f1cfadc4dd79d4,Books,39.45,39.45,0.0,Off Sides (Off #1),New Adult,https://books.toscrape.com/catalogue/off-sides-off-1_38/index.html,In stock (1 available),0,True,1,0
39592d9d72e717c4,Books,47.11,47.11,0.0,Of Mice and Men,Classics,https://books.toscrape.com/catalogue/of-mice-and-men_37/index.html,In stock (1 available),0,True,1,0
63e20a0f98218a87,Books,58.75,58.75,0.0,Myriad (Prentor #1),Fantasy,https://books.toscrape.com/catalogue/myriad-prentor-1_36/index.html,In stock (1 available),0,True,1,0
fd78f89878479f56,Books,38.92,38.92,0.0,My Perfect Mistake (Over the Top #1),Romance,https://books.toscrape.com/catalogue/my-perfect-mistake-over-the-top-1_35/index.html,In stock (1 available),0,True,1,0
35a60467893aa168,Books,39.39,39.39,0.0,"Ms. Marvel, Vol. 1: No Normal (Ms. Marvel (2014-2015) #1)",Sequential Art,https://books.toscrape.com/catalogue/ms-marvel-vol-1-no-normal-ms-marvel-2014-2015-1_34/index.html,In stock (1 available),0,True,1,0
4f19709e47883df5,Books,25.89,25.89,0.0,Meditations,Philosophy,https://books.toscrape.com/catalogue/meditations_33/index.html,In stock (1 available),0,True,1,0
1053fb7ee17a1f33,Books,28.34,28.34,0.0,Matilda,Childrens,https://books.toscrape.com/catalogue/matilda_32/index.html,In stock (1 available),0,True,1,0
d510567580c8be52,Books,27.7,27.7,0.0,Lost Among the Living,Historical Fiction,https://books.toscrape.com/catalogue/lost-among-the-living_31/index.html,In stock (1 available),0,True,1,0
71a6471bbdac21d9,Books,24.89,24.89,0.0,Lord of the Flies,Add a comment,https://books.toscrape.com/catalogue/lord-of-the-flies_30/index.html,In stock (1 available),0,True,1,0
6e712ea24e77bd96,Books,58.99,58.99,0.0,Listen to Me (Fusion #1),Romance,https://books.toscrape.com/catalogue/listen-to-me-fusion-1_29/index.html,In stock (1 available),0,True,1,0
06f6a57a6d532844,Books,57.2,57.2,0.0,Kitchens of the Great Midwest,Fiction,https://books.toscrape.com/catalogue/kitchens-of-the-great-midwest_28/index.html,In stock (1 available),0,True,1,0
8d390a1fc3133d06,Books,38.43,38.43,0.0,Jane Eyre,Default,https://books.toscrape.com/catalogue/jane-eyre_27/index.html,In stock (1 available),0,True,1,0
f28f7299d38c0932,Books,34.74,34.74,0.0,Imperfect Harmony,Romance,https://books.toscrape.com/catalogue/imperfect-harmony_26/index.html,In stock (1 available),0,True,1,0
3455b45888fb5053,Books,40.44,40.44,0.0,Icing (Aces Hockey #2),Sports and Games,https://books.toscrape.com/catalogue/icing-aces-hockey-2_25/index.html,In stock (1 available),0,True,1,0
6fe02600f322a0a9,Books,45.24,45.24,0.0,"Hawkeye, Vol. 1: My Life as a Weapon (Hawkeye #1)",Sequential Art,https://books.toscrape.com/catalogue/hawkeye-vol-1-my-life-as-a-weapon-hawkeye-1_24/index.html,In stock (1 available),0,True,1,0
6717a70913b3db79,Books,34.96,34.96,0.0,Having the Barbarian's Baby (Ice Planet Barbarians #7.5),Science Fiction,https://books.toscrape.com/catalogue/having-the-barbarians-baby-ice-planet-barbarians-75_23/index.html,In stock (1 available),0,True,1,0
eb0fe24bbc845ecc,Books,56.76,56.76,0.0,"Giant Days, Vol. 1 (Giant Days #1-4)",Sequential Art,https://books.toscrape.com/catalogue/giant-days-vol-1-giant-days-1-4_22/index.html,In stock (1 available),0,True,1,0
72e6fbf4f6382557,Books,40.28,40.28,0.0,"Fruits Basket, Vol. 1 (Fruits Basket #1)",Sequential Art,https://books.toscrape.com/catalogue/fruits-basket-vol-1-fruits-basket-1_21/index.html,In stock (1 available),0,True,1,0
a492f49a3e2b6a71,Books,38.0,38.0,0.0,Frankenstein,Default,https://books.toscrape.com/catalogue/frankenstein_20/index.html,In stock (1 available),0,True,1,0
e564c3f1a93ccf2e,Books,28.8,28.8,0.0,Forever Rockers (The Rocker #12),Music,https://books.toscrape.com/catalogue/forever-rockers-the-rocker-12_19/index.html,In stock (1 available),0,True,1,0
6390772a3094939d,Books,39.24,39.24,0.0,Fighting Fate (Fighting #6),Romance,https://books.toscrape.com/catalogue/fighting-fate-fighting-6_18/index.html,In stock (1 available),0,True,1,0
2e69730561ed70ad,Books,32.93,32.93,0.0,Emma,Classics,https://books.toscrape.com/catalogue/emma_17/index.html,In stock (1 available),0,True,1,0
df56868afd166557,Books,51.32,51.32,0.0,"Eat, Pray, Love",Nonfiction,https://books.toscrape.com/catalogue/eat-pray-love_16/index.html,In stock (1 available),0,True,1,0
0072b94dfa30608e,Books,47.09,47.09,0.0,Deep Under (Walker Security #1),Romance,https://books.toscrape.com/catalogue/deep-under-walker-security-1_15/index.html,In stock (1 available),0,True,1,0
a812f6969ddf3e39,Books,28.42,28.42,0.0,Choosing Our Religion: The Spiritual Lives of America's Nones,Religion,https://books.toscrape.com/catalogue/choosing-our-religion-the-spiritual-lives-of-americas-nones_14/index.html,In stock (1 available),0,True,1,0
1774749f2cee292f,Books,22.85,22.85,0.0,Charlie and the Chocolate Factory (Charlie Bucket #1),Childrens,https://books.toscrape.com/catalogue/charlie-and-the-chocolate-factory-charlie-bucket-1_13/index.html,In stock (1 available),0,True,1,0
a96404cb928895f3,Books,41.24,41.24,0.0,Charity's Cross (Charles Towne Belles #4),Romance,https://books.toscrape.com/catalogue/charitys-cross-charles-towne-belles-4_12/index.html,In stock (1 available),0,True,1,0
230ac636ea0ea415,Books,39.07,39.07,0.0,Bright Lines,Fiction,https://books.toscrape.com/catalogue/bright-lines_11/index.html,In stock (1 available),0,True,1,0
a2b4b685dfa94733,Books,29.82,29.82,0.0,Bridget Jones's Diary (Bridget Jones #1),Womens Fiction,https://books.toscrape.com/catalogue/bridget-joness-diary-bridget-jones-1_10/index.html,In stock (1 available),0,True,1,0
abc0b15f2c907ff0,Books,37.26,37.26,0.0,Bounty (Colorado Mountain #7),Romance,https://books.toscrape.com/catalogue/bounty-colorado-mountain-7_9/index.html,In stock (1 available),0,True,1,0
95cdfd514098c38b,Books,20.3,20.3,0.0,Blood Defense (Samantha Brinkman #1),Mystery,https://books.toscrape.com/catalogue/blood-defense-samantha-brinkman-1_8/index.html,In stock (1 available),0,True,1,0
099fae4a0705d63b,Books,34.65,34.65,0.0,"Bleach, Vol. 1: Strawberry and the Soul Reapers (Bleach #1)",Sequential Art,https://books.toscrape.com/catalogue/bleach-vol-1-strawberry-and-the-soul-reapers-bleach-1_7/index.html,In stock (1 available),0,True,1,0
08672cd59171d5e4,Books,43.38,43.38,0.0,Beyond Good and Evil,Philosophy,https://books.toscrape.com/catalogue/beyond-good-and-evil_6/index.html,In stock (1 available),0,True,1,0
cd2a2a70dd5d176d,Books,55.53,55.53,0.0,Alice in Wonderland (Alice's Adventures in Wonderland #1),Classics,https://books.toscrape.com/catalogue/alice-in-wonderland-alices-adventures-in-wonderland-1_5/index.html,In stock (1 available),0,True,1,0
bfd5e1701c862ac3,Books,57.06,57.06,0.0,"Ajin: Demi-Human, Volume 1 (Ajin: Demi-Human #1)",Sequential Art,https://books.toscrape.com/catalogue/ajin-demi-human-volume-1-ajin-demi-human-1_4/index.html,In stock (1 available),0,True,1,0
19fec36a1dfb4c16,Books,16.97,16.97,0.0,A Spy's Devotion (The Regency Spies of London #1),Historical Fiction,https://books.toscrape.com/catalogue/a-spys-devotion-the-regency-spies-of-london-1_3/index.html,In stock (1 available),0,True,1,0
f684a82adc49f011,Books,53.98,53.98,0.0,1st to Die (Women's Murder Club #1),Mystery,https://books.toscrape.com/catalogue/1st-to-die-womens-murder-club-1_2/index.html,In stock (1 available),0,True,1,0
228ba5e7577e1d49,Books,26.08,26.08,0.0,"1,000 Places to See Before You Die",Travel,https://books.toscrape.com/catalogue/1000-places-to-see-before-you-die_1/index.html,In stock (1 available),0,True,1,0
